order,family,genus,sp,locality,authority,collector,coll,Wood Density g/ml
Ericales,Clethraceae,Clethra,alnifolia,,L.,Olson,5045,0.48
Ericales,Clethraceae,Clethra,alnifolia,,L.,Olson,5046,0.51
Ericales,Clethraceae,Clethra,alnifolia,,L.,Olson,5047,0.5
Asterales,Asteraceae,Ericameria,arborescens,,(A. Gray) Greene,M?ndez-Alonzo,46,0.55
Asterales,Asteraceae,Ericameria,arborescens,,(A. Gray) Greene,M?ndez-Alonzo,47,0.63
Asterales,Asteraceae,Ericameria,arborescens,,(A. Gray) Greene,M?ndez-Alonzo,48,0.61
Caryophyllales,Achatocarpaceae,Achatocarpus,gracilis,,H.Walter,Olson,2735,0.71
Caryophyllales,Achatocarpaceae,Achatocarpus,gracilis,,H.Walter,Olson,2736,0.65
Caryophyllales,Achatocarpaceae,Achatocarpus,gracilis,,H.Walter,Olson,2737,0.73
Asterales,Asteraceae,Cassinia,affcunninghamii,,DC. ,Rosell,1,0.75
Asterales,Asteraceae,Cassinia,affcunninghamii,,DC. ,Rosell,3,0.75
Asterales,Asteraceae,Cassinia,affcunninghamii,,DC. ,Rosell,4,0.77
Lamiales,Plantaginaceae,Keckiella,ternata,,(Torr. ex. A. Gray)Straw,M?ndez-Alonzo,61,0.4
Lamiales,Plantaginaceae,Keckiella,ternata,,(Torr. ex. A. Gray)Straw,M?ndez-Alonzo,62,0.46
Lamiales,Plantaginaceae,Keckiella,ternata,,(Torr. ex. A. Gray)Straw,M?ndez-Alonzo,63,0.63
Ericales,Ericaceae,Daboecia,cantabrica,,(Huds.) K.Koch,Camarero,Dca3,0.6
Rosales,Ulmaceae,Ulmus,glabra,,Huds.,Camarero,Ugl1,0.52
Rosales,Ulmaceae,Ulmus,glabra,,Huds.,Camarero,Ugl2,0.54
Rosales,Ulmaceae,Ulmus,glabra,,Huds.,Camarero,Ugl3,0.48
Fabales,Fabaceae,Cercidium,peninsulare,,Rose,Olson,3076,0.62
Fabales,Fabaceae,Cercidium,peninsulare,,Rose,Olson,3077,0.63
Fabales,Fabaceae,Cercidium,peninsulare,,Rose,Olson,3078,0.62
Malpighiales,Euphorbiaceae,Jatropha,standleyi,,Steyerm.,Olson,1619,0.27
Malpighiales,Euphorbiaceae,Jatropha,standleyi,,Steyerm.,Olson,1620,0.23
Malpighiales,Euphorbiaceae,Jatropha,standleyi,,Steyerm.,Olson,1621,0.28
Oxalidales,Cunoniaceae,Schizomeria,ovata,,D. Don,Olson,1780,0.44
Oxalidales,Cunoniaceae,Schizomeria,ovata,,D. Don,Olson,1781,0.45
Caryophyllales,Phytolaccaceae,Trichostigma,octandrum,,(L.) H.Walter,Olson,4043,0.37
Asterales,Asteraceae,Ericameria,teretifolia,,(Durand & Hilg.) Jeps. ,Olson,2656,0.66
Asterales,Asteraceae,Ericameria,teretifolia,,(Durand & Hilg.) Jeps. ,Olson,2657,0.6
Asterales,Asteraceae,Ericameria,teretifolia,,(Durand & Hilg.) Jeps. ,Olson,2658,0.6
Asterales,Asteraceae,Hieracium,hieronymi,,Zahn,Camarero,23.1,0.48
Asterales,Asteraceae,Hieracium,hieronymi,,Zahn,Camarero,23.2,0.43
Asterales,Asteraceae,Hieracium,hieronymi,,Zahn,Camarero,23.3,0.35
Ericales,Ericaceae,Gaultheria,hispida,,R. Br. ,Olson,2287,0.52
Ericales,Ericaceae,Gaultheria,hispida,,R. Br. ,Olson,2288,0.5
Ericales,Ericaceae,Gaultheria,hispida,,R. Br. ,Olson,2289,0.47
Malpighiales,Malpighiaceae,Byrsonima,coccolobifolia,,Kunth.,Olson,4600,0.45
Malpighiales,Malpighiaceae,Byrsonima,coccolobifolia,,Kunth.,Olson,4601,0.42
Malpighiales,Malpighiaceae,Byrsonima,coccolobifolia,,Kunth.,Olson,4602,0.5
Fabales,Fabaceae,Acacia,latescens,,Benth. ,Rosell,3,0.59
Fabales,Fabaceae,Acacia,latescens,,Benth. ,Rosell,4,0.57
Fabales,Fabaceae,Acacia,latescens,,Benth. ,Rosell,5,0.61
Celastrales,Celastraceae,Peritassa,campestris,,(Cambess.) A.C.Sm.,Olson,4641,0.51
Celastrales,Celastraceae,Peritassa,campestris,,(Cambess.) A.C.Sm.,Olson,4645,0.58
Celastrales,Celastraceae,Peritassa,campestris,,(Cambess.) A.C.Sm.,Olson,4647,0.55
Oxalidales,Cunoniaceae,Pancheria,hirsuta,,Vieill. ex Pamp.,Castorena,286,0.76
Oxalidales,Cunoniaceae,Pancheria,hirsuta,,Vieill. ex Pamp.,Castorena,287,0.76
Oxalidales,Cunoniaceae,Pancheria,hirsuta,,Vieill. ex Pamp.,Castorena,288,0.7
Malvales,Thymelaeaceae,Daphne,laureola,alp,L. ,Camarero,DlaAlp1,0.31
Malvales,Thymelaeaceae,Daphne,laureola,alp,L. ,Camarero,DlaAlp2,0.27
Malvales,Thymelaeaceae,Daphne,laureola,alp,L. ,Camarero,DlaAlp3,0.36
Gentianales,Apocynaceae,Vallesia,glabra,,(Cav.) Link,Olson,3030,0.59
Gentianales,Apocynaceae,Vallesia,glabra,,(Cav.) Link,Olson,3031,0.59
Gentianales,Apocynaceae,Vallesia,glabra,,(Cav.) Link,Olson,3032,0.58
Ericales,Ericaceae,Trochocarpa,laurina,,(Rudge)R. Br. ,Olson,2406,0.6
Ericales,Ericaceae,Trochocarpa,laurina,,(Rudge)R. Br. ,Olson,2407,0.59
Ericales,Ericaceae,Trochocarpa,laurina,,(Rudge)R. Br. ,Olson,2408,0.56
Solanales,Solanaceae,Athenaea,pogogena,,(Moric.) Sendtn.,Olson,4642,0.59
Solanales,Solanaceae,Athenaea,pogogena,,(Moric.) Sendtn.,Olson,4643,0.61
Solanales,Solanaceae,Athenaea,pogogena,,(Moric.) Sendtn.,Olson,4644,0.58
Chloranthales,Chloranthaceae,Hedyosmum,mexicanum,,C. Cordem.,Olson,1438,0.39
Proteales,Proteaceae,Stenocarpus,umbellifer,,(Forster & Forster) Druce,Castorena,307,0.71
Proteales,Proteaceae,Stenocarpus,umbellifer,,(Forster & Forster) Druce,Castorena,308,0.68
Proteales,Proteaceae,Stenocarpus,umbellifer,,(Forster & Forster) Druce,Castorena,309,0.67
Ericales,Ericaceae,Vaccinium,corymbosum,,L.,Olson,5110,0.61
Ericales,Ericaceae,Vaccinium,corymbosum,,L.,Olson,5111,0.55
Ericales,Ericaceae,Vaccinium,corymbosum,,L.,Olson,5112,0.58
Fagales,Casuarinaceae,Allocasuarina,torulosa,,(Aiton) L.A.S. Johnson,Rosell,3,0.65
Fagales,Casuarinaceae,Allocasuarina,torulosa,,(Aiton) L.A.S. Johnson,Rosell,4,0.69
Fagales,Casuarinaceae,Allocasuarina,torulosa,,(Aiton) L.A.S. Johnson,Rosell,5,0.68
Apiales,Pittosporaceae,Citriobatus,pauciflorus,,A. Cunn. ex Benth. ,Olson,2383,0.71
Apiales,Pittosporaceae,Citriobatus,pauciflorus,,A. Cunn. ex Benth. ,Olson,2384,0.72
Apiales,Pittosporaceae,Citriobatus,pauciflorus,,A. Cunn. ex Benth. ,Olson,2385,0.67
Laurales,Lauraceae,Cryptocarya,gracilis,,Schltr.,Trueba,415,0.5
Ericales,Styracaceae,Styrax,argenteus,,C.Presl,Olson,4075,0.48
Rosales,Rosaceae,Rubus,idaeus,alp,L.,Camarero,RidAlp1,0.22
Rosales,Rosaceae,Rubus,idaeus,alp,L.,Camarero,RidAlp2,0.28
Rosales,Rosaceae,Rubus,idaeus,alp,L.,Camarero,RidAlp3,0.31
Malpighiales,Caryocaraceae,Caryocar,brasiliense,,A. St.-Hil.,Olson,4631,0.42
Malpighiales,Caryocaraceae,Caryocar,brasiliense,,A. St.-Hil.,Olson,4632,0.47
Malpighiales,Caryocaraceae,Caryocar,brasiliense,,A. St.-Hil.,Olson,4633,0.5
Metteneusiales,Metteneusiaceae,Calatola,costaricensis,,Standl.,Olson,1414,0.55
Metteneusiales,Metteneusiaceae,Calatola,costaricensis,,Standl.,Olson,1415,0.54
Metteneusiales,Metteneusiaceae,Calatola,costaricensis,,Standl.,Olson,1416,0.6
Rosales,Rosaceae,Adenostoma,fasciculatum,SPM,Hook. & Arn.,M?ndez-Alonzo,67,0.67
Rosales,Rosaceae,Adenostoma,fasciculatum,SPM,Hook. & Arn.,M?ndez-Alonzo,68,0.71
Rosales,Rosaceae,Adenostoma,fasciculatum,SPM,Hook. & Arn.,M?ndez-Alonzo,69,0.72
Sapindales,Anacardiaceae,Cyrtocarpa,edulis,,(Brandegee) Standl.,Olson,2954,0.39
Sapindales,Anacardiaceae,Cyrtocarpa,edulis,,(Brandegee) Standl.,Olson,2975,0.25
Sapindales,Anacardiaceae,Cyrtocarpa,edulis,,(Brandegee) Standl.,Olson,2982,0.34
Caryophyllales,Talinaceae,Talinum,paniculatum,,(Jacq.)Gaertn.,Olson,1584,0.67
Caryophyllales,Talinaceae,Talinum,paniculatum,,(Jacq.)Gaertn.,Olson,1585,0.67
Caryophyllales,Talinaceae,Talinum,paniculatum,,(Jacq.)Gaertn.,Olson,1586,0.71
Ericales,Ericaceae,Disterigma,alaternoides,,(Kunth.) Nied.,Camarero,7.1,0.53
Ericales,Ericaceae,Disterigma,alaternoides,,(Kunth.) Nied.,Camarero,7.3,0.61
AsteridsI,Boraginaceae,Cordia,alliodora,,(Ruiz et Pav.) Oken,Olson,1517,0.6
AsteridsI,Boraginaceae,Cordia,alliodora,,(Ruiz et Pav.) Oken,Olson,1518,0.6
AsteridsI,Boraginaceae,Cordia,alliodora,,(Ruiz et Pav.) Oken,Olson,1558,0.5
Gentianales,Apocynaceae,Aspidosperma,pyrifolium,,Mart.,Olson,4742,0.58
Gentianales,Apocynaceae,Aspidosperma,pyrifolium,,Mart.,Olson,4743,0.61
Gentianales,Apocynaceae,Aspidosperma,pyrifolium,,Mart.,Olson,4744,0.63
Sapindales,Rutaceae,Boronia,pinnata,,Sm.,Olson,2132,0.58
Sapindales,Rutaceae,Boronia,pinnata,,Sm.,Olson,2133,0.53
Sapindales,Rutaceae,Boronia,pinnata,,Sm.,Olson,2134,0.53
Oxalidales,Cunoniaceae,Callicoma,serratifolia,,Andrews,Olson,1712,0.45
Oxalidales,Cunoniaceae,Callicoma,serratifolia,,Andrews,Olson,1746,0.4
Oxalidales,Cunoniaceae,Callicoma,serratifolia,,Andrews,Olson,2412,0.37
Rosales,Rosaceae,Adenostoma,fasciculatum,SR,Hook. & Arn.,Olson,4372,0.73
Rosales,Rosaceae,Adenostoma,fasciculatum,SR,Hook. & Arn.,Olson,4373,0.73
Rosales,Rosaceae,Adenostoma,fasciculatum,SR,Hook. & Arn.,Olson,4374,0.71
Ericales,Ericaceae,Arctostaphylos,peninsularis,,P. V. Wells,M?ndez-Alonzo,52,0.58
Ericales,Ericaceae,Arctostaphylos,peninsularis,,P. V. Wells,M?ndez-Alonzo,53,0.62
Ericales,Ericaceae,Arctostaphylos,peninsularis,,P. V. Wells,M?ndez-Alonzo,54,0.63
Fabales,Fabaceae,Dussia,mexicana,,(Standl.) Harms,Olson,4062,0.39
Asterales,Asteraceae,Chiliotrichum,diffusum,,(G. Forst) Kuntze,Fajardo,P.Cd 1,0.69
Asterales,Asteraceae,Chiliotrichum,diffusum,,(G. Forst) Kuntze,Fajardo,P.Cd 2,0.63
Asterales,Asteraceae,Chiliotrichum,diffusum,,(G. Forst) Kuntze,Fajardo,P.Cd 3,0.67
Ericales,Ericaceae,Trochocarpa,cunninghamii,,(DC.)W. M. Curtis,Olson,2311,0.62
Ericales,Ericaceae,Trochocarpa,cunninghamii,,(DC.)W. M. Curtis,Olson,2312,0.61
Ericales,Ericaceae,Trochocarpa,cunninghamii,,(DC.)W. M. Curtis,Olson,2313,0.48
Myrtales,Vochysiaceae,Callisthene,minor,,Mart.,Olson,4778,0.7
Myrtales,Vochysiaceae,Callisthene,minor,,Mart.,Olson,4779,0.67
Myrtales,Vochysiaceae,Callisthene,minor,,Mart.,Olson,4780,0.76
Asterales,Asteraceae,Brickellia,californica,,(Torr. & A. Gray) A. Gray,Olson,4333,0.48
Asterales,Asteraceae,Brickellia,californica,,(Torr. & A. Gray) A. Gray,Olson,4334,0.47
Asterales,Asteraceae,Brickellia,californica,,(Torr. & A. Gray) A. Gray,Olson,4335,0.44
Malvales,Malvaceae,Helicteres,sp,,,Olson,4799,0.77
Malvales,Malvaceae,Helicteres,sp,,,Olson,4800,0.8
Malvales,Malvaceae,Helicteres,sp,,,Olson,4801,0.77
Brassicales,Resedaceae,Forchhammeria,pallida,,Liebm.,Olson,1479,0.65
Fagales,Betulaceae,Corylus,avellana,,L.,Camarero,Cav1,0.47
Fagales,Betulaceae,Corylus,avellana,,L.,Camarero,Cav2,0.51
Fagales,Betulaceae,Corylus,avellana,,L.,Camarero,Cav3,0.53
Caryophyllales,Amaranthaceae,Celosia,monosperma,,(Rose) Standl.,Olson,1473,0.5
Caryophyllales,Amaranthaceae,Celosia,monosperma,,(Rose) Standl.,Olson,1474,0.5
Caryophyllales,Amaranthaceae,Celosia,monosperma,,(Rose) Standl.,Olson,1475,0.5
Caryophyllales,Amaranthaceae,Celosia,monosperma,,(Rose) Standl.,Olson,2861,0.49
Ericales,Symplocaceae,Symplocos,celastrifolia,,Griff. ex C. B. Clarke,Olson,4670,0.5
Fagales,Myricaceae,Morella,sp,,,Camarero,8.1,0.56
Fagales,Myricaceae,Morella,sp,,,Camarero,8.2,0.49
Fagales,Myricaceae,Morella,sp,,,Camarero,8.3,0.5
Crossosomatales,Staphyleaceae,Turpinia,occidentalis,,(Sw.) G.Don,Olson,4052,0.44
Crossosomatales,Staphyleaceae,Turpinia,occidentalis,,(Sw.) G.Don,Olson,4053,0.37
Crossosomatales,Staphyleaceae,Turpinia,occidentalis,,(Sw.) G.Don,Olson,4054,0.4
Oxalidales,Cunoniaceae,Ceratopetalum,apetalum,,D. Don. ,Olson,2470,0.43
Oxalidales,Cunoniaceae,Ceratopetalum,apetalum,,D. Don. ,Olson,2475,0.45
Caryophyllales,Cactaceae,Stenocereus,chrysocarpus,,S?nchez-Mej.,Olson,1562,0.48
Caryophyllales,Cactaceae,Stenocereus,chrysocarpus,,S?nchez-Mej.,Olson,2799,0.34
Caryophyllales,Cactaceae,Stenocereus,chrysocarpus,,S?nchez-Mej.,Olson,2899,0.36
Malpighiales,Clusiaceae,Montrouziera,sphaeroidea,,Pancher ex Planch. & Triana,Castorena,289,0.58
Malpighiales,Clusiaceae,Montrouziera,sphaeroidea,,Pancher ex Planch. & Triana,Castorena,290,0.49
Malpighiales,Clusiaceae,Montrouziera,sphaeroidea,,Pancher ex Planch. & Triana,Castorena,291,0.54
Malpighiales,Euphorbiaceae,Rockinghamia,angustifolia,,(Benth.)Airy Shaw,Rosell,1,0.52
Malpighiales,Euphorbiaceae,Rockinghamia,angustifolia,,(Benth.)Airy Shaw,Rosell,2,0.58
Malpighiales,Euphorbiaceae,Rockinghamia,angustifolia,,(Benth.)Airy Shaw,Rosell,3,0.49
Fabales,Fabaceae,Arthroclianthus,grandifolius,,Baker f.,Castorena,337,0.75
Fabales,Fabaceae,Arthroclianthus,grandifolius,,Baker f.,Castorena,338,0.71
Fabales,Fabaceae,Arthroclianthus,grandifolius,,Baker f.,Castorena,339,0.63
Malpighiales,Erythroxylaceae,Erythroxylum,revolutum,,Mart.,Olson,4769,0.77
Malpighiales,Erythroxylaceae,Erythroxylum,revolutum,,Mart.,Olson,4770,0.78
Malpighiales,Erythroxylaceae,Erythroxylum,revolutum,,Mart.,Olson,4771,0.77
Fabales,Fabaceae,Erythrophleum,chlorostachys,,(F. Muell.) Baill.,Rosell,1,0.82
Fabales,Fabaceae,Erythrophleum,chlorostachys,,(F. Muell.) Baill.,Rosell,2,0.62
Fabales,Fabaceae,Erythrophleum,chlorostachys,,(F. Muell.) Baill.,Rosell,5,0.8
Saxifragales,Tetracarpaeaceae,Tetracarpaea,tasmannica,,Hook.,Olson,2353,0.53
Saxifragales,Tetracarpaeaceae,Tetracarpaea,tasmannica,,Hook.,Olson,2354,0.69
Saxifragales,Tetracarpaeaceae,Tetracarpaea,tasmannica,,Hook.,Olson,2355,0.76
Fabales,Fabaceae,Podolobium,illicifolium,,(Andrews)Crisp & P. H. Weston,Rosell,1,0.8
Fabales,Fabaceae,Podolobium,illicifolium,,(Andrews)Crisp & P. H. Weston,Rosell,2,0.83
Fabales,Fabaceae,Podolobium,illicifolium,,(Andrews)Crisp & P. H. Weston,Rosell,3,0.81
Sapindales,Anacardiaceae,Malosma,laurina,,(Nutt.) Nutt. ex Abrams,Olson,4315,0.42
Sapindales,Anacardiaceae,Malosma,laurina,,(Nutt.) Nutt. ex Abrams,Olson,4316,0.49
Sapindales,Anacardiaceae,Malosma,laurina,,(Nutt.) Nutt. ex Abrams,Olson,4317,0.46
Dilleniales,Dilleniaceae,Dillenia,alata,,(R. Br. ex DC.) Banks ex. Martelli,Olson,1869,0.43
Dilleniales,Dilleniaceae,Dillenia,alata,,(R. Br. ex DC.) Banks ex. Martelli,Olson,1870,0.45
Dilleniales,Dilleniaceae,Dillenia,alata,,(R. Br. ex DC.) Banks ex. Martelli,Olson,1884,0.49
Asterales,Alseuosmiaceae,Crispiloba,disperma,,(S.Moore) Steenis,Olson,4283,0.61
Asterales,Alseuosmiaceae,Crispiloba,disperma,,(S.Moore) Steenis,Olson,4284,0.54
Asterales,Alseuosmiaceae,Crispiloba,disperma,,(S.Moore) Steenis,Olson,4285,0.53
Chloranthales,Chloranthaceae,Hedyosmum,mexicanum,ElTuito,C.Cordem.,Olson,5555,0.327586207
Chloranthales,Chloranthaceae,Hedyosmum,mexicanum,ElTuito,C.Cordem.,Olson,5556,0.304347826
Chloranthales,Chloranthaceae,Hedyosmum,aff_cuatrecazanum,,Occhioni,Camarero,5.1,0.43
Chloranthales,Chloranthaceae,Hedyosmum,aff_cuatrecazanum,,Occhioni,Camarero,5.2,0.37
Escalloniales,Escalloniaceae,Escallonia,rubra,,(Ruiz. et Pav.) Pers.,Fajardo,P.Er 1,0.5
Escalloniales,Escalloniaceae,Escallonia,rubra,,(Ruiz. et Pav.) Pers.,Fajardo,P.Er 2,0.43
Escalloniales,Escalloniaceae,Escallonia,rubra,,(Ruiz. et Pav.) Pers.,Fajardo,P.Er 3,0.49
Ericales,Primulaceae,Rapanea,variablis,,(R. Br.) Mez,Olson,1703,0.58
Ericales,Primulaceae,Rapanea,variablis,,(R. Br.) Mez,Olson,1704,0.48
Ericales,Primulaceae,Rapanea,variablis,,(R. Br.) Mez,Olson,1705,0.57
Ericales,Ericaceae,Kalmia,latifolia,,L. ,Olson,5094,0.56
Ericales,Ericaceae,Kalmia,latifolia,,L. ,Olson,5095,0.56
Ericales,Ericaceae,Kalmia,latifolia,,L. ,Olson,5096,0.55
Myrtales,Melastomataceae,Miconia,cf_dodsonii,,Wurdack,Camarero,15.1,0.38
Myrtales,Melastomataceae,Miconia,cf_dodsonii,,Wurdack,Camarero,15.2,0.45
Myrtales,Melastomataceae,Miconia,cf_dodsonii,,Wurdack,Camarero,15.3,0.41
Ericales,Ericaceae,Vaccinium,myrtillus,temp,L. ,Camarero,VmyTemp1,0.5
Ericales,Ericaceae,Vaccinium,myrtillus,temp,L. ,Camarero,VmyTemp2,0.5
Ericales,Ericaceae,Vaccinium,myrtillus,temp,L. ,Camarero,VmyTemp3,0.64
Rosales,Rhamnaceae,Pomaderris,ledifolia,,A.Cunn.,Olson,2214,0.69
Rosales,Rhamnaceae,Pomaderris,ledifolia,,A.Cunn.,Olson,2215,0.65
Rosales,Rhamnaceae,Pomaderris,ledifolia,,A.Cunn.,Olson,2216,0.65
Apiales,Araliaceae,Dendropanax,arboreus,,(L.) Decne. & Planch.,Olson,1354,0.33
Apiales,Araliaceae,Dendropanax,arboreus,,(L.) Decne. & Planch.,Olson,1355,0.33
Apiales,Araliaceae,Dendropanax,arboreus,,(L.) Decne. & Planch.,Olson,1356,0.36
Sapindales,Anacardiaceae,Schinopsis,brasiliensis,,Engl.,Olson,4815,0.8
Sapindales,Anacardiaceae,Schinopsis,brasiliensis,,Engl.,Olson,4816,0.8
Sapindales,Anacardiaceae,Schinopsis,brasiliensis,,Engl.,Olson,4817,0.8
Caryophyllales,Cactaceae,Pilosocereus,pachycladus,,F. Ritter,Olson,4709,0.42
Caryophyllales,Cactaceae,Pilosocereus,pachycladus,,F. Ritter,Olson,4710,0.56
Caryophyllales,Cactaceae,Pilosocereus,pachycladus,,F. Ritter,Olson,4711,0.61
Asterales,Rousseaceae,Abrophyllum,ornans,Sydney,(F.Muell.) Hook.f.,Olson,2465,0.53
Asterales,Rousseaceae,Abrophyllum,ornans,Sydney,(F.Muell.) Hook.f.,Olson,2466,0.56
Asterales,Rousseaceae,Abrophyllum,ornans,Sydney,(F.Muell.) Hook.f.,Olson,2467,0.35
Asterales,Rousseaceae,Abrophyllum,ornans,Sydney,(F.Muell.) Hook.f.,Olson,2468,0.44
Asterales,Rousseaceae,Abrophyllum,ornans,Sydney,(F.Muell.) Hook.f.,Olson,2469,0.45
Myrtales,Myrtaceae,Calytrix,exstipulata,,DC.,Olson,20632,0.68
Myrtales,Myrtaceae,Calytrix,exstipulata,,DC.,Olson,20642,0.63
Myrtales,Myrtaceae,Calytrix,exstipulata,,DC.,Olson,20652,0.71
Myrtales,Myrtaceae,Melaleuca,pancheri,,(Brongn. & Gris) Craven & J.W.Dawson,Castorena,313,0.75
Myrtales,Myrtaceae,Melaleuca,pancheri,,(Brongn. & Gris) Craven & J.W.Dawson,Castorena,314,0.75
Myrtales,Myrtaceae,Melaleuca,pancheri,,(Brongn. & Gris) Craven & J.W.Dawson,Castorena,315,0.8
Oxalidales,Cunoniaceae,Geissois,pruinosa,,Brongn. & Gris,Castorena,259,0.66
Oxalidales,Cunoniaceae,Geissois,pruinosa,,Brongn. & Gris,Castorena,260,0.6
Oxalidales,Cunoniaceae,Geissois,pruinosa,,Brongn. & Gris,Castorena,261,0.74
Caryophyllales,Tamaricaceae,Tamarix,ramosissima,,,Olson,3033,0.62
Caryophyllales,Tamaricaceae,Tamarix,ramosissima,,,Olson,3034,0.58
Caryophyllales,Tamaricaceae,Tamarix,ramosissima,,,Olson,3035,0.56
Laurales,Monimiaceae,Hedycarya,parvifolia,,G.Perkins & Schltr.,Trueba,456,0.52173913
Laurales,Monimiaceae,Hedycarya,parvifolia,,G.Perkins & Schltr.,Trueba,457,0.48
Fabales,Fabaceae,Astragalus,circumdatus,,Greene,M?ndez-Alonzo,22,0.17
Fabales,Fabaceae,Astragalus,circumdatus,,Greene,M?ndez-Alonzo,23,0.39
Fabales,Fabaceae,Astragalus,circumdatus,,Greene,M?ndez-Alonzo,24,0.27
Dilleniales,Dilleniaceae,Hibbertia,trachyphylla,,Schltr.,Trueba,324,0.52
Chloranthales,Chloranthaceae,Hedyosmum,mexicanum,LosTuxtlas,C. Cordem.,Olson,1436,0.3
Chloranthales,Chloranthaceae,Hedyosmum,mexicanum,LosTuxtlas,C. Cordem.,Olson,1437,0.46
Chloranthales,Chloranthaceae,Hedyosmum,mexicanum,LosTuxtlas,C. Cordem.,Olson,4039,0.36
Malpighiales,Euphorbiaceae,Euphorbia,californica,,Benth. ,Olson,2920,0.36
Malpighiales,Euphorbiaceae,Euphorbia,californica,,Benth. ,Olson,2957,0.37
Malpighiales,Euphorbiaceae,Euphorbia,californica,,Benth. ,Olson,2958,0.34
Rosales,Rosaceae,Prunus,fasciculata,,(Torr.) A.Gray,Olson,2635,0.69
Rosales,Rosaceae,Prunus,fasciculata,,(Torr.) A.Gray,Olson,2636,0.61
Rosales,Rosaceae,Prunus,fasciculata,,(Torr.) A.Gray,Olson,2637,0.57
Lamiales,Scrophulariaceae,Buddleja,stachyoides,,Cham. & Schltdl.,Olson,4637,0.61
Lamiales,Scrophulariaceae,Buddleja,stachyoides,,Cham. & Schltdl.,Olson,4654,0.53
Lamiales,Scrophulariaceae,Buddleja,stachyoides,,Cham. & Schltdl.,Olson,4655,0.58
Lamiales,Oleaceae,Notelaea,longifolia,,Vent.,Olson,1980,0.58
Lamiales,Oleaceae,Notelaea,longifolia,,Vent.,Olson,1981,0.6
Asterales,Asteraceae,Vernonanthura,phosphorica,,(Vell.) H.Rob.,Olson,4606,0.5
Asterales,Asteraceae,Vernonanthura,phosphorica,,(Vell.) H.Rob.,Olson,4607,0.53
Asterales,Asteraceae,Vernonanthura,phosphorica,,(Vell.) H.Rob.,Olson,4608,0.6
Fagales,Fagaceae,Quercus,peninsularis,,Trel. ,M?ndez-Alonzo,13,0.65
Fagales,Fagaceae,Quercus,peninsularis,,Trel. ,M?ndez-Alonzo,14,0.68
Fagales,Fagaceae,Quercus,peninsularis,,Trel. ,M?ndez-Alonzo,15,0.67
Rosales,Rhamnaceae,Ceanothus,cordulatus,,Kellogg,M?ndez-Alonzo,28,0.56
Rosales,Rhamnaceae,Ceanothus,cordulatus,,Kellogg,M?ndez-Alonzo,29,0.48
Rosales,Rhamnaceae,Ceanothus,cordulatus,,Kellogg,M?ndez-Alonzo,30,0.54
Myrtales,Myrtaceae,Lophostemon,lactifluus,,(F. Muell.)Peter G. Wilson & J. T. Waterh,Rosell,3,0.55
Myrtales,Myrtaceae,Lophostemon,lactifluus,,(F. Muell.)Peter G. Wilson & J. T. Waterh,Rosell,4,0.57
Myrtales,Myrtaceae,Lophostemon,lactifluus,,(F. Muell.)Peter G. Wilson & J. T. Waterh,Rosell,5,0.7
Fagales,Nothofagaceae,Nothofagus,gunnii,,(Hook. f.)Oerst.,Olson,2337,0.6
Fagales,Nothofagaceae,Nothofagus,gunnii,,(Hook. f.)Oerst.,Olson,2338,0.49
Fagales,Nothofagaceae,Nothofagus,gunnii,,(Hook. f.)Oerst.,Olson,2339,0.55
Malpighiales,Picrodendraceae,Petalostigma,quadriloculare,,F.Muell.,Olson,2056,0.87
Malpighiales,Picrodendraceae,Petalostigma,quadriloculare,,F.Muell.,Olson,2057,0.8
Malpighiales,Picrodendraceae,Petalostigma,quadriloculare,,F.Muell.,Olson,2058,0.67
Laurales,Hernandiaceae,Hernandia,cordigera,,Vieill.,Trueba,441,0.34
Rosales,Rosaceae,Heteromeles,arbutifolia,,Greene,Olson,4357,0.57
Rosales,Rosaceae,Heteromeles,arbutifolia,,Greene,Olson,4358,0.6372
Rosales,Rosaceae,Heteromeles,arbutifolia,,Greene,Olson,4359,0.61
Cucurbitales,Cucurbitaceae,Ibervillea,sonorae,,,Olson,2990,0.29
Cucurbitales,Cucurbitaceae,Ibervillea,sonorae,,,Olson,2991,0.32
Cucurbitales,Cucurbitaceae,Ibervillea,sonorae,,,Olson,3007,0.23
Fabales,Fabaceae,Acacia,spirorbis,,Labill.,Castorena,328,0.71
Fabales,Fabaceae,Acacia,spirorbis,,Labill.,Castorena,330,0.72
Ericales,Ericaceae,Gaultheria,mucronata,,(L.f.) Hook et Arn.,Fajardo,P.Gm 1,0.44
Ericales,Ericaceae,Gaultheria,mucronata,,(L.f.) Hook et Arn.,Fajardo,P.Gm 2,0.43
Ericales,Ericaceae,Gaultheria,mucronata,,(L.f.) Hook et Arn.,Fajardo,P.Gm 3,0.45
Fagales,Juglandaceae,Carya,ovata,,(Mill.) K.Koch,Olson,5076,0.53
Fagales,Juglandaceae,Carya,ovata,,(Mill.) K.Koch,Olson,5077,0.57
Fagales,Juglandaceae,Carya,ovata,,(Mill.) K.Koch,Olson,5078,0.52
Fagales,Juglandaceae,Carya,ovata,,(Mill.) K.Koch,Olson,5139,0.64
Fagales,Juglandaceae,Juglans,olanchana,,Standl. & L.O.Williams,Olson,4838,0.28
Fabales,Fabaceae,Daviesia,squarrosa,,Sm.,Rosell,1,0.73
Fabales,Fabaceae,Daviesia,squarrosa,,Sm.,Rosell,2,0.65
Fabales,Fabaceae,Daviesia,squarrosa,,Sm.,Rosell,5,0.72
Dilleniales,Dilleniaceae,Hibbertia,sp,,,Olson,1684,0.48
Dilleniales,Dilleniaceae,Hibbertia,sp,,,Olson,1685,0.59
Dilleniales,Dilleniaceae,Hibbertia,sp,,,Olson,1686,0.52
Ericales,Primulaceae,Bonellia,macrocarpa_subsp_pungens,,(A.Gray) B.St?hl & Kaellersjoe,Olson,2801,0.57
Malvales,Malvaceae,Ceiba,pentandra,,(L.) Gaertn.,Olson,4103,0.4
Malvales,Malvaceae,Ceiba,pentandra,,(L.) Gaertn.,Olson,4104,0.18
Myrtales,Myrtaceae,Xanthostemon,paradoxus,,F. Muell.,Rosell,3,0.84
Myrtales,Myrtaceae,Xanthostemon,paradoxus,,F. Muell.,Rosell,4,0.84
Myrtales,Myrtaceae,Xanthostemon,paradoxus,,F. Muell.,Rosell,5,0.85
Lamiales,Lamiaceae,Scutellaria,mexicana,,(Torr.) A. J. Paton,Olson,2647,0.57
Lamiales,Lamiaceae,Scutellaria,mexicana,,(Torr.) A. J. Paton,Olson,2648,0.59
Lamiales,Lamiaceae,Scutellaria,mexicana,,(Torr.) A. J. Paton,Olson,2649,0.59
Ranunculales,Berberidaceae,Berberis,serratodentata,,Lechler,Fajardo,P.Bs 1,0.73
Ranunculales,Berberidaceae,Berberis,serratodentata,,Lechler,Fajardo,P.Bs 2,0.64
Ranunculales,Berberidaceae,Berberis,serratodentata,,Lechler,Fajardo,P.Bs 3,0.71
Fabales,Fabaceae,Gompholobium,latifolium,,Sm. ,Olson,2150,0.64
Fabales,Fabaceae,Gompholobium,latifolium,,Sm. ,Olson,2152,0.55
Paracryphiales,Paracryphiaceae,Quintinia,verdonii,,F.Muell.,Olson,4161,0.36
Paracryphiales,Paracryphiaceae,Quintinia,verdonii,,F.Muell.,Olson,4162,0.38
Paracryphiales,Paracryphiaceae,Quintinia,verdonii,,F.Muell.,Olson,4163,0.38
Sapindales,Anacardiaceae,Rhus,ovata,MV,S. Watson,Olson,2623,0.5
Sapindales,Anacardiaceae,Rhus,ovata,MV,S. Watson,Olson,2624,0.51
Sapindales,Anacardiaceae,Rhus,ovata,MV,S. Watson,Olson,2625,0.47
Laurales,Lauraceae,Endiandra,microneura,,C. T. White,Rosell,1,0.71
Laurales,Lauraceae,Endiandra,microneura,,C. T. White,Rosell,2,0.71
Laurales,Lauraceae,Endiandra,microneura,,C. T. White,Rosell,3,0.65
Malpighiales,Hypericaceae,Hypericum,aciculare,,Kunth.,Camarero,19.1,0.5
Malpighiales,Hypericaceae,Hypericum,aciculare,,Kunth.,Camarero,19.2,0.56
Malpighiales,Hypericaceae,Hypericum,aciculare,,Kunth.,Camarero,19.3,0.54
Asterales,Goodeniaceae,Goodenia,sp,,,Olson,2211,0.6
Asterales,Goodeniaceae,Goodenia,sp,,,Olson,2212,0.55
Asterales,Goodeniaceae,Goodenia,sp,,,Olson,2213,0.56
Lamiales,Oleaceae,Fraxinus,americana,,L.,Olson,5057,0.49
Lamiales,Oleaceae,Fraxinus,americana,,L.,Olson,5058,0.51
Lamiales,Oleaceae,Fraxinus,americana,,L.,Olson,5106,0.61
Sapindales,Sapindaceae,Acer,pseudoplatanus,,L.,Camarero,Aps1,0.55
Sapindales,Sapindaceae,Acer,pseudoplatanus,,L.,Camarero,Aps2,0.51
Sapindales,Sapindaceae,Acer,pseudoplatanus,,L.,Camarero,Aps3,0.56
Malpighiales,Euphorbiaceae,Homalanthus,populifolius,,Graham,Olson,2471,0.3
Malpighiales,Euphorbiaceae,Homalanthus,populifolius,,Graham,Olson,2472,0.3
Malpighiales,Euphorbiaceae,Homalanthus,populifolius,,Graham,Olson,2473,0.33
Fabales,Fabaceae,Mimosa,ophthalmocentra,,Benth.,Olson,4763,0.82
Fabales,Fabaceae,Mimosa,ophthalmocentra,,Benth.,Olson,4764,0.77
Fabales,Fabaceae,Mimosa,ophthalmocentra,,Benth.,Olson,4765,0.76
Rosales,Urticaceae,Myriocarpa,longipes,,Liebm.,Olson,1370,0.32
Rosales,Urticaceae,Myriocarpa,longipes,,Liebm.,Olson,1371,0.26
Rosales,Urticaceae,Myriocarpa,longipes,,Liebm.,Olson,1372,0.41
Arecales,Arecaceae,Washingtonia,robusta,,,Olson,3027,0.21
Arecales,Arecaceae,Washingtonia,robusta,,,Olson,3028,0.73
Arecales,Arecaceae,Washingtonia,robusta,,,Olson,3029,0.37
Malpighiales,Euphorbiaceae,Stillingia,trapezoidea,,Ule,Olson,4793,0.48
Malpighiales,Euphorbiaceae,Stillingia,trapezoidea,,Ule,Olson,4794,0.47
Malpighiales,Euphorbiaceae,Stillingia,trapezoidea,,Ule,Olson,4795,0.4
Sapindales,Anacardiaceae,Lithraea,molleoides,,(Vell.) Engl.,Olson,4592,0.63
Sapindales,Anacardiaceae,Lithraea,molleoides,,(Vell.) Engl.,Olson,4593,0.7
Sapindales,Anacardiaceae,Lithraea,molleoides,,(Vell.) Engl.,Olson,4609,0.67
Garryales,Garryaceae,Garrya,grisea,,Wiggins,M?ndez-Alonzo,31,0.74
Garryales,Garryaceae,Garrya,grisea,,Wiggins,M?ndez-Alonzo,32,0.7
Garryales,Garryaceae,Garrya,grisea,,Wiggins,M?ndez-Alonzo,33,0.72
Myrtales,Melastomataceae,Miconia,sp1,,,Olson,4619,0.41
Myrtales,Melastomataceae,Miconia,sp1,,,Olson,4620,0.47
Myrtales,Melastomataceae,Miconia,sp1,,,Olson,4621,0.5
Sapindales,Rutaceae,Zanthoxylum,caribaeum,,Lam.,Olson,2870,0.61
Sapindales,Rutaceae,Zanthoxylum,caribaeum,,Lam.,Olson,2902,0.26
Sapindales,Rutaceae,Zanthoxylum,caribaeum,,Lam.,Olson,2903,0.49
Solanales,Convolvulaceae,Ipomoea,pes_caprae,,,Olson,4013,0.37
Solanales,Convolvulaceae,Ipomoea,pes_caprae,,,Olson,4014,0.21
Gentianales,Rubiaceae,Thiollierea,macrophylla,,(Brongn.) Baum.-Bod.,Castorena,292,0.76
Gentianales,Rubiaceae,Thiollierea,macrophylla,,(Brongn.) Baum.-Bod.,Castorena,293,0.82
Gentianales,Rubiaceae,Thiollierea,macrophylla,,(Brongn.) Baum.-Bod.,Castorena,294,0.71
Fabales,Polygalaceae,Comesperma,ericinum,,DC.,Olson,2196,0.61
Fabales,Polygalaceae,Comesperma,ericinum,,DC.,Olson,2197,0.6
Fabales,Polygalaceae,Comesperma,ericinum,,DC.,Olson,2198,0.33
Caryophyllales,Polygonaceae,Eriogonum,fasciculatum,MV,Benth. ,Olson,2632,0.66
Ericales,Ebenaceae,Diospyros,intricata,,(A. Gray) Standl.,Olson,2944,0.78
Ericales,Ebenaceae,Diospyros,intricata,,(A. Gray) Standl.,Olson,2964,0.68
Ericales,Ebenaceae,Diospyros,intricata,,(A. Gray) Standl.,Olson,2965,0.65
Ericales,Ebenaceae,Diospyros,intricata,,(A. Gray) Standl.,Olson,2966,0.69
Malpighiales,Euphorbiaceae,Jatropha,chamelensis,,,Olson,1568,0.23
Lamiales,Lamiaceae,Salvia,pachyphylla,,Epling ex Munz,M?ndez-Alonzo,4,0.46
Lamiales,Lamiaceae,Salvia,pachyphylla,,Epling ex Munz,M?ndez-Alonzo,5,0.44
Lamiales,Lamiaceae,Salvia,pachyphylla,,Epling ex Munz,M?ndez-Alonzo,6,0.46
Malvales,Malvaceae,Melochia,tomentosa,,L. ,Olson,3002,0.75
Malvales,Malvaceae,Melochia,tomentosa,,L. ,Olson,3016,0.77
Malvales,Malvaceae,Melochia,tomentosa,,L. ,Olson,3017,0.78
Ericales,Sapotaceae,Sideroxylon,obtusifolium,,(Roem. & Schult.) T.D.Penn.,Olson,4821,0.71
Ericales,Sapotaceae,Sideroxylon,obtusifolium,,(Roem. & Schult.) T.D.Penn.,Olson,4822,0.58
Ericales,Sapotaceae,Sideroxylon,obtusifolium,,(Roem. & Schult.) T.D.Penn.,Olson,4823,0.76
Fabales,Fabaceae,Anadenanthera,colubrina,,(Vell.) Brenan,Olson,4766,0.76
Fabales,Fabaceae,Anadenanthera,colubrina,,(Vell.) Brenan,Olson,4767,0.75
Fabales,Fabaceae,Anadenanthera,colubrina,,(Vell.) Brenan,Olson,4768,0.76
Rosales,Zygophyllaceae,Krameria,lappacea,,(Dombey) Burdet & B.B. Simpson,Olson,5779,0.714285714
Rosales,Zygophyllaceae,Krameria,lappacea,,(Dombey) Burdet & B.B. Simpson,Olson,5780,0.727272727
Rosales,Zygophyllaceae,Krameria,lappacea,,(Dombey) Burdet & B.B. Simpson,Olson,5781,0.636363636
Saxifragales,Altingiaceae,Liquidambar,styraciflua,,L.,Olson,4027,0.56
Saxifragales,Altingiaceae,Liquidambar,styraciflua,,L.,Olson,4028,0.6
Saxifragales,Altingiaceae,Liquidambar,styraciflua,,L.,Olson,4029,0.61
Dipsacales,Cornaceae,Cornus,alternifolia,,L. f.,Olson,5042,0.49
Dipsacales,Cornaceae,Cornus,alternifolia,,L. f.,Olson,5043,0.56
Dipsacales,Cornaceae,Cornus,alternifolia,,L. f.,Olson,5044,0.53
Sapindales,Sapindaceae,Acer,saccharum,,Marshall,Olson,5063,0.58
Sapindales,Sapindaceae,Acer,saccharum,,Marshall,Olson,5065,0.5
Sapindales,Sapindaceae,Acer,saccharum,,Marshall,Olson,5068,0.58
Malvales,Malvaceae,Brachychiton,acerifolius,,(A. Cunn. ex G. Don) F. Muell. ,Olson,4123,0.42
Myrtales,Myrtaceae,Eucalyptus,miniata,,A. Cunn. ex Schauer,Rosell,3,0.78
Myrtales,Myrtaceae,Eucalyptus,miniata,,A. Cunn. ex Schauer,Rosell,4,0.82
Myrtales,Myrtaceae,Eucalyptus,miniata,,A. Cunn. ex Schauer,Rosell,5,0.81
Ericales,Ericaceae,Calluna,vulgaris,alp,(L.) Hull,Camarero,CvuAlp1,0.49
Ericales,Ericaceae,Calluna,vulgaris,alp,(L.) Hull,Camarero,CvuAlp2,0.33
Ericales,Ericaceae,Calluna,vulgaris,alp,(L.) Hull,Camarero,CvuAlp3,0.55
Gentianales,Rubiaceae,Gardenia,megasperma,,F. Muell. ,Olson,2053,0.41
Gentianales,Rubiaceae,Gardenia,megasperma,,F. Muell. ,Olson,2054,0.83
Gentianales,Rubiaceae,Gardenia,megasperma,,F. Muell. ,Olson,2055,0.63
Ericales,Ericaceae,Arctostaphylos,glandulosa,,Eastw.,Olson,4369,0.6
Ericales,Ericaceae,Arctostaphylos,glandulosa,,Eastw.,Olson,4370,0.63
Ericales,Ericaceae,Arctostaphylos,glandulosa,,Eastw.,Olson,4371,0.62
Malvales,Thymelaeaceae,Daphne,laureola,temp,L. ,Camarero,DlaTemp1,0.38
Malvales,Thymelaeaceae,Daphne,laureola,temp,L. ,Camarero,DlaTemp2,0.33
Malvales,Thymelaeaceae,Daphne,laureola,temp,L. ,Camarero,DlaTemp3,0.36
Rosales,Rhamnaceae,Ceanothus,leucodermis,,Greene,M?ndez-Alonzo,58,0.6
Rosales,Rhamnaceae,Ceanothus,leucodermis,,Greene,M?ndez-Alonzo,59,0.56
Rosales,Rhamnaceae,Ceanothus,leucodermis,,Greene,M?ndez-Alonzo,60,0.61
Dipsacales,Caprifoliaceae,Symphoricarpos,rotundifolius,,A. Gray,M?ndez-Alonzo,40,0.63
Dipsacales,Caprifoliaceae,Symphoricarpos,rotundifolius,,A. Gray,M?ndez-Alonzo,41,0.63
Dipsacales,Caprifoliaceae,Symphoricarpos,rotundifolius,,A. Gray,M?ndez-Alonzo,42,0.52
Rosales,Rosaceae,Rosa,canina,,L.,Camarero,Rca1,0.44
Rosales,Rosaceae,Rosa,canina,,L.,Camarero,Rca2,0.5
Rosales,Rosaceae,Rosa,canina,,L.,Camarero,Rca3,0.8
Lamiales,Bignoniaceae,Callichlamys,latifolia,,(Rich.) K. Schum.,Olson,4047,0.35
Ericales,Ericaceae,Styphelia,cymbulae,,Spreng.,Castorena,310,0.65
Ericales,Ericaceae,Styphelia,cymbulae,,Spreng.,Castorena,311,0.74
Ericales,Ericaceae,Styphelia,cymbulae,,Spreng.,Castorena,312,0.7
Dilleniales,Dilleniaceae,Hibbertia,trachyphylla,MC,Schltr.,Castorena,304,0.55
Dilleniales,Dilleniaceae,Hibbertia,trachyphylla,MC,Schltr.,Castorena,305,0.6
Dilleniales,Dilleniaceae,Hibbertia,trachyphylla,MC,Schltr.,Castorena,306,0.68
Sapindales,Anacardiaceae,Rhus,ovata,SPM,S. Watson,M?ndez-Alonzo,70,0.38
Sapindales,Anacardiaceae,Rhus,ovata,SPM,S. Watson,M?ndez-Alonzo,71,0.53
Sapindales,Anacardiaceae,Rhus,ovata,SPM,S. Watson,M?ndez-Alonzo,72,0.48
Oxalidales,Cunoniaceae,Gillbeea,whypallana,,Rozefelds & Pellow,Rosell,1,0.48
Oxalidales,Cunoniaceae,Gillbeea,whypallana,,Rozefelds & Pellow,Rosell,2,0.43
Oxalidales,Cunoniaceae,Gillbeea,whypallana,,Rozefelds & Pellow,Rosell,3,0.46
Dilleniales,Dilleniaceae,Hibbertia,lucens,,Brongn. & Gris ex Sebert & Pancher,Trueba,488,0.54
Ericales,Lecythidaceae,Planchonia,careya,,(F. Muell.) R. Knuth,Rosell,3,0.64
Ericales,Lecythidaceae,Planchonia,careya,,(F. Muell.) R. Knuth,Rosell,4,0.63
Ericales,Lecythidaceae,Planchonia,careya,,(F. Muell.) R. Knuth,Rosell,5,0.65
Rosales,Rosaceae,Spiraea,tomentosa,,L.,Olson,5048,0.55
Rosales,Rosaceae,Spiraea,tomentosa,,L.,Olson,5049,0.59
Malpighiales,Euphorbiaceae,Cnidoscolus,urens,,(L.) Arthur,Olson,4739,0.21
Malpighiales,Euphorbiaceae,Cnidoscolus,urens,,(L.) Arthur,Olson,4740,0.12
Malpighiales,Euphorbiaceae,Cnidoscolus,urens,,(L.) Arthur,Olson,4741,0.21
Rosales,Moraceae,Ficus,variegata,,Blume,Rosell,1,0.46
Rosales,Moraceae,Ficus,variegata,,Blume,Rosell,2,0.42
Rosales,Moraceae,Ficus,variegata,,Blume,Rosell,3,0.35
Malpighiales,Malpighiaceae,Byrsonima,intermedia,,A. Juss.,Olson,4613,0.56
Malpighiales,Malpighiaceae,Byrsonima,intermedia,,A. Juss.,Olson,4614,0.59
Malpighiales,Malpighiaceae,Byrsonima,intermedia,,A. Juss.,Olson,4615,0.57
Ericales,Actinidiaceae,Saurauia,yasicae,,Loes.,Olson,1397,0.37
Ericales,Actinidiaceae,Saurauia,yasicae,,Loes.,Olson,1398,0.39
Ericales,Actinidiaceae,Saurauia,yasicae,,Loes.,Olson,1406,0.43
Gentianales,Apocynaceae,Plumeria,rubra,,L. ,Olson,4000,0.49
Gentianales,Apocynaceae,Plumeria,rubra,,L. ,Olson,4001,0.4
Gentianales,Apocynaceae,Plumeria,rubra,,L. ,Olson,4002,0.36
Asterales,Asteraceae,Malacothrix,saxatilis,,(Nutt.) Torr. & A. Gray,Olson,4306,0.32
Asterales,Asteraceae,Malacothrix,saxatilis,,(Nutt.) Torr. & A. Gray,Olson,4307,0.3
Asterales,Asteraceae,Malacothrix,saxatilis,,(Nutt.) Torr. & A. Gray,Olson,4308,0.27
Malvales,Malvaceae,Sphaeralcea,ambigua,,A. Gray,Olson,2584,0.43
Malvales,Malvaceae,Sphaeralcea,ambigua,,A. Gray,Olson,2585,0.42
Malvales,Malvaceae,Sphaeralcea,ambigua,,A. Gray,Olson,2586,0.42
Myrtales,Melastomataceae,Brachyotum,rotundifolium,,Cogn. ,Camarero,6.1,0.41
Myrtales,Melastomataceae,Brachyotum,rotundifolium,,Cogn. ,Camarero,6.2,0.42
Myrtales,Melastomataceae,Brachyotum,rotundifolium,,Cogn. ,Camarero,6.3,0.36
Lamiales,Lamiaceae,Prostanthera,affviolacea,,R. Br,Rosell,1,0.67
Lamiales,Lamiaceae,Prostanthera,affviolacea,,R. Br,Rosell,3,0.69
Lamiales,Lamiaceae,Prostanthera,affviolacea,,R. Br,Rosell,4,0.65
Ericales,Ericaceae,Richea,sprengelioides,,F. Muell.,Olson,2308,0.59
Ericales,Ericaceae,Richea,sprengelioides,,F. Muell.,Olson,2309,0.55
Ericales,Ericaceae,Richea,sprengelioides,,F. Muell.,Olson,2310,0.57
Aquifoliales,Stemonuraceae,Gomphandra,australiana,,F.Muell.,Rosell,1,0.33
Aquifoliales,Stemonuraceae,Gomphandra,australiana,,F.Muell.,Rosell,2,0.36
Aquifoliales,Stemonuraceae,Gomphandra,australiana,,F.Muell.,Rosell,3,0.32
Sapindales,Rutaceae,Melicope,platynema,,Engl.,Rosell,1,0.66
Sapindales,Rutaceae,Melicope,platynema,,Engl.,Rosell,2,0.64
Sapindales,Rutaceae,Melicope,platynema,,Engl.,Rosell,3,0.59
Myrtales,Myrtaceae,Pleurocalyptus,pancheri,,(Brongn. & Gris) J.W.Dawson,Castorena,274,0.7108
Myrtales,Myrtaceae,Pleurocalyptus,pancheri,,(Brongn. & Gris) J.W.Dawson,Castorena,275,0.71
Myrtales,Myrtaceae,Pleurocalyptus,pancheri,,(Brongn. & Gris) J.W.Dawson,Castorena,276,0.73
Caryophyllales,Polygonaceae,Eriogonum,fasciculatum,SR,Benth. ,Olson,4312,0.58
Caryophyllales,Polygonaceae,Eriogonum,fasciculatum,SR,Benth. ,Olson,4313,0.63
Caryophyllales,Polygonaceae,Eriogonum,fasciculatum,SR,Benth. ,Olson,4314,0.56
Fabales,Fabaceae,Cytisus,scoparius,,(L.) Link,Camarero,Csco1,0.49
Fabales,Fabaceae,Cytisus,scoparius,,(L.) Link,Camarero,Csco2,0.58
Laurales,Lauraceae,Cryptocarya,odorata,,Guillaumin,Trueba,452,0.625
Brassicales,Akaniaceae,Akania,bidwillii,,(Hend. ex Hogg) Mabb.,Olson,4145,0.36
Brassicales,Akaniaceae,Akania,bidwillii,,(Hend. ex Hogg) Mabb.,Olson,4147,0.45
Brassicales,Akaniaceae,Akania,bidwillii,,(Hend. ex Hogg) Mabb.,Olson,4148,0.42
Rosales,Rosaceae,Cercocarpus,montanus_var_glaber,MV,(S. Watson) F.L.Martin,Olson,2664,0.72
Rosales,Rosaceae,Cercocarpus,montanus_var_glaber,MV,(S. Watson) F.L.Martin,Olson,2665,0.68
Rosales,Rosaceae,Cercocarpus,montanus_var_glaber,MV,(S. Watson) F.L.Martin,Olson,2666,0.72
Malpighiales,Calophyllaceae,Kielmeyera,grandiflora,,(Wawra) Saddi,Olson,4671,0.47
Malpighiales,Calophyllaceae,Kielmeyera,grandiflora,,(Wawra) Saddi,Olson,5604,0.47
Saxifragales,Haloragaceae,Gonocarpus,teucrioides,,DC. ,Olson,2359,0.5
Saxifragales,Haloragaceae,Gonocarpus,teucrioides,,DC. ,Olson,2360,0.6
Saxifragales,Haloragaceae,Gonocarpus,teucrioides,,DC. ,Olson,2361,0.44
Malpighiales,Euphorbiaceae,Euphorbia,lomelii,SJC,V. W. Steinm.,Olson,2949,0.26
Malpighiales,Euphorbiaceae,Euphorbia,lomelii,SJC,V. W. Steinm.,Olson,2950,0.27
Malpighiales,Euphorbiaceae,Euphorbia,lomelii,SJC,V. W. Steinm.,Olson,2951,0.31
Ranunculales,Berberidaceae,Berberis,microphylla,,G. Forst,Fajardo,P.Bm 1,0.68
Ranunculales,Berberidaceae,Berberis,microphylla,,G. Forst,Fajardo,P.Bm 2,0.63
Ranunculales,Berberidaceae,Berberis,microphylla,,G. Forst,Fajardo,P.Bm 3,0.72
Fabales,Fabaceae,Acacia,oncinocarpa,,Benth. ,Olson,2062,0.64
Fabales,Fabaceae,Acacia,oncinocarpa,,Benth. ,Olson,2063,0.54
Fabales,Fabaceae,Acacia,oncinocarpa,,Benth. ,Olson,2064,0.53
Fabales,Fabaceae,Mimosa,tenuiflora,,(Willd.) Poir.,Olson,4814,0.74
Malpighiales,Hypericaceae,Hypericum,androsaemum,,L. ,Camarero,Han1,0.48
Malpighiales,Hypericaceae,Hypericum,androsaemum,,L. ,Camarero,Han2,0.53
Malpighiales,Hypericaceae,Hypericum,androsaemum,,L. ,Camarero,Han3,0.71
Sabiales,Sabiaceae,Meliosma,occidentalis,,Cuatrec.,Olson,4072,0.34
Sabiales,Sabiaceae,Meliosma,occidentalis,,Cuatrec.,Olson,4073,0.38
Sabiales,Sabiaceae,Meliosma,occidentalis,,Cuatrec.,Olson,4074,0.58
Fabales,Fabaceae,Acacia,difficilis,,Maiden,Olson,2065,0.71
Fabales,Fabaceae,Acacia,difficilis,,Maiden,Olson,2066,0.57
Fabales,Fabaceae,Acacia,difficilis,,Maiden,Olson,2067,0.65
Fabales,Fabaceae,Cynometra,oaxacana,,Brandegee,Olson,2874,0.69
Fabales,Fabaceae,Cynometra,oaxacana,,Brandegee,Olson,2875,0.62
Fabales,Fabaceae,Cynometra,oaxacana,,Brandegee,Olson,2877,0.72
Gentianales,Rubiaceae,Palicourea,sp,,,Camarero,18.1,0.45
Gentianales,Rubiaceae,Palicourea,sp,,,Camarero,18.2,0.44
Gentianales,Rubiaceae,Palicourea,sp,,,Camarero,18.3,0.49
Myrtales,Myrtaceae,Corymbia,porrecta,,(S. T. Blake) K. D. Hill & L. A. S. Johnson,Rosell,1,0.71
Myrtales,Myrtaceae,Corymbia,porrecta,,(S. T. Blake) K. D. Hill & L. A. S. Johnson,Rosell,2,0.63
Myrtales,Myrtaceae,Corymbia,porrecta,,(S. T. Blake) K. D. Hill & L. A. S. Johnson,Rosell,5,0.78
Caryophyllales,Cactaceae,Pilosocereus,purpusii,,(Britton & Rose) Byles & G.D. Rowley,Olson,1587,0.44
Caryophyllales,Cactaceae,Pilosocereus,purpusii,,(Britton & Rose) Byles & G.D. Rowley,Olson,2880,0.34
Sabiales,Sabiaceae,Meliosma,dentata,,(Liebm.) Urb.,Olson,4836,0.4
Santalales,Santalaceae,Exocarpos,neocaledonicus,,Schltr. & Pilg.,Castorena,268,1.17
Santalales,Santalaceae,Exocarpos,neocaledonicus,,Schltr. & Pilg.,Castorena,269,0.8
Santalales,Santalaceae,Exocarpos,neocaledonicus,,Schltr. & Pilg.,Castorena,270,0.81
Malpighiales,Euphorbiaceae,Jatropha,cinerea,,(Ortega) M?ll. Arg. ,Olson,2917,0.18
Malpighiales,Euphorbiaceae,Jatropha,cinerea,,(Ortega) M?ll. Arg. ,Olson,2918,0.25
Malpighiales,Euphorbiaceae,Jatropha,cinerea,,(Ortega) M?ll. Arg. ,Olson,2997,0.17
Ericales,Ericaceae,Lyonia,ligustrina,,(L.) DC.,Olson,5051,0.47
Ericales,Ericaceae,Lyonia,ligustrina,,(L.) DC.,Olson,5052,0.45
Ericales,Ericaceae,Lyonia,ligustrina,,(L.) DC.,Olson,5053,0.45
Dilleniales,Dilleniaceae,Hibbertia,bouletii,,Veillon,Trueba,491,0.64
Malpighiales,Salicaceae,Salix,caprea,alp,L.,Camarero,ScaAlp1,0.47
Malpighiales,Salicaceae,Salix,caprea,alp,L.,Camarero,ScaAlp2,0.46
Malpighiales,Salicaceae,Salix,caprea,alp,L.,Camarero,ScaAlp3,0.48
Caryophyllales,Cactaceae,Cylindropuntia,acanthocarpa,,(Engelm. & J. M. Bigelow) F. M. Knuth,Olson,2650,0.71
Caryophyllales,Cactaceae,Cylindropuntia,acanthocarpa,,(Engelm. & J. M. Bigelow) F. M. Knuth,Olson,2651,0.66
Caryophyllales,Cactaceae,Cylindropuntia,acanthocarpa,,(Engelm. & J. M. Bigelow) F. M. Knuth,Olson,2652,0.64
Rosales,Rosaceae,Rosa,californica,,Cham. & Schltdl.,Olson,4378,0.62
Rosales,Rosaceae,Rosa,californica,,Cham. & Schltdl.,Olson,4379,0.59
Rosales,Rosaceae,Rosa,californica,,Cham. & Schltdl.,Olson,4380,0.58
Malpighiales,Clusiaceae,Garcinia,intermedia,,(Pittier) Hammel,Olson,1366,0.64
Malpighiales,Clusiaceae,Garcinia,intermedia,,(Pittier) Hammel,Olson,1367,0.63
Malpighiales,Clusiaceae,Garcinia,intermedia,,(Pittier) Hammel,Olson,1368,0.59
Lamiales,Bignoniaceae,Handroanthus,impetiginosus,,(Mart. ex DC.) Mattos,Olson,4808,0.57
Lamiales,Bignoniaceae,Handroanthus,impetiginosus,,(Mart. ex DC.) Mattos,Olson,4809,0.68
Lamiales,Bignoniaceae,Handroanthus,impetiginosus,,(Mart. ex DC.) Mattos,Olson,4810,0.65
Magnoliales,Magnoliaceae,Liriodendron,tulipifera,,L.,Olson,5061,0.44
Magnoliales,Magnoliaceae,Liriodendron,tulipifera,,L.,Olson,5069,0.56
Proteales,Proteaceae,Orites,revolutus,,R. Br. ,Olson,2281,0.67
Proteales,Proteaceae,Orites,revolutus,,R. Br. ,Olson,2282,0.68
Proteales,Proteaceae,Orites,revolutus,,R. Br. ,Olson,2283,0.65
Gentianales,Apocynaceae,Asclepias,subulata,,Decne.,Olson,3018,0.33
Gentianales,Apocynaceae,Asclepias,subulata,,Decne.,Olson,3019,0.19
Gentianales,Apocynaceae,Asclepias,subulata,,Decne.,Olson,3020,0.41
Sapindales,Sapindaceae,Distichostemon,hispidulus,,(Endl.) Baill. ,Olson,2059,0.67
Sapindales,Sapindaceae,Distichostemon,hispidulus,,(Endl.) Baill. ,Olson,2060,0.57
Sapindales,Sapindaceae,Distichostemon,hispidulus,,(Endl.) Baill. ,Olson,2061,0.7
Proteales,Proteaceae,Roupala,montana,CERR,Aubl.,Olson,4603,0.61
Proteales,Proteaceae,Roupala,montana,CERR,Aubl.,Olson,4604,0.58
Proteales,Proteaceae,Roupala,montana,CERR,Aubl.,Olson,4605,0.57
Ericales,Primulaceae,Ardisia,tuerckheimii,,Donn. Sm.,Olson,1396,0.67
Ericales,Primulaceae,Ardisia,tuerckheimii,,Donn. Sm.,Olson,1430,0.62
Ericales,Primulaceae,Ardisia,tuerckheimii,,Donn. Sm.,Olson,1431,0.61
Malvales,Malvaceae,Brachychiton,paradoxus,,Schott & Endl. ,Rosell,1,0.45
Malvales,Malvaceae,Brachychiton,paradoxus,,Schott & Endl. ,Rosell,3,0.4
Malvales,Malvaceae,Brachychiton,paradoxus,,Schott & Endl. ,Rosell,4,0.44
Fagales,Fagaceae,Quercus,alba,,L.,Olson,5079,0.52
Fagales,Fagaceae,Quercus,alba,,L.,Olson,5080,0.54
Fagales,Fagaceae,Quercus,alba,,L.,Olson,5082,0.55
Fabales,Fabaceae,Chamaecrista,zygophylloides,,(Taub.) H. S. Irwin & Barneby,Olson,4796,0.89
Fabales,Fabaceae,Chamaecrista,zygophylloides,,(Taub.) H. S. Irwin & Barneby,Olson,4797,0.91
Fabales,Fabaceae,Chamaecrista,zygophylloides,,(Taub.) H. S. Irwin & Barneby,Olson,4798,0.91
Ericales,Primulaceae,Myrsine,guianensis,,(Aubl.) Kuntze,Olson,4634,0.57
Ericales,Primulaceae,Myrsine,guianensis,,(Aubl.) Kuntze,Olson,4635,0.39
Ericales,Primulaceae,Myrsine,guianensis,,(Aubl.) Kuntze,Olson,4636,0.49
Fagales,Nothofagaceae,Nothofagus,cunninghamii,,(Hook.) Oerst.,Olson,2262,0.56
Fagales,Nothofagaceae,Nothofagus,cunninghamii,,(Hook.) Oerst.,Olson,2263,0.56
Fagales,Nothofagaceae,Nothofagus,cunninghamii,,(Hook.) Oerst.,Olson,2264,0.56
Fagales,Nothofagaceae,Nothofagus,cunninghamii,,(Hook.) Oerst.,Olson,2284,0.49
Fagales,Nothofagaceae,Nothofagus,cunninghamii,,(Hook.) Oerst.,Olson,2285,0.5
Fagales,Nothofagaceae,Nothofagus,cunninghamii,,(Hook.) Oerst.,Olson,2286,0.54
Gentianales,Apocynaceae,Alstonia,actinophylla,,(A. Cunn.) K. Schum.,Rosell,2,0.47
Gentianales,Apocynaceae,Alstonia,actinophylla,,(A. Cunn.) K. Schum.,Rosell,3,0.4
Gentianales,Apocynaceae,Alstonia,actinophylla,,(A. Cunn.) K. Schum.,Rosell,4,0.39
Boraginales,Boraginaceae,Cordia,curassavica,,(Jacq.) Roem. & Schult.,Olson,2998,0.74
Boraginales,Boraginaceae,Cordia,curassavica,,(Jacq.) Roem. & Schult.,Olson,2999,0.75
Boraginales,Boraginaceae,Cordia,curassavica,,(Jacq.) Roem. & Schult.,Olson,3000,0.73
Asterales,Asteraceae,Piptocarpha,rotundifolia,,(Less.) Baker,Olson,4628,0.49
Asterales,Asteraceae,Piptocarpha,rotundifolia,,(Less.) Baker,Olson,4629,0.42
Asterales,Asteraceae,Piptocarpha,rotundifolia,,(Less.) Baker,Olson,4630,0.44
Ericales,Fouquieriaceae,Fouquieria,diguetii,,(Tiegh.) I. M. Johnst. ,Olson,2967,0.31
Ericales,Fouquieriaceae,Fouquieria,diguetii,,(Tiegh.) I. M. Johnst. ,Olson,2968,0.29
Ericales,Fouquieriaceae,Fouquieria,diguetii,,(Tiegh.) I. M. Johnst. ,Olson,2971,0.38
Caryophyllales,Polygonaceae,Eriogonum,affovalifolium,,Nutt. ,Olson,2673,0.56
Caryophyllales,Polygonaceae,Eriogonum,affovalifolium,,Nutt. ,Olson,2674,0.55
Caryophyllales,Polygonaceae,Eriogonum,affovalifolium,,Nutt. ,Olson,2675,0.53
Saxifragales,Hamamelidaceae,Noahdendron,nicholasii,,"P. K. Endress, B. Hyland & Tracey",Olson,1956,0.62
Saxifragales,Hamamelidaceae,Noahdendron,nicholasii,,"P. K. Endress, B. Hyland & Tracey",Olson,1957,0.54
Saxifragales,Hamamelidaceae,Noahdendron,nicholasii,,"P. K. Endress, B. Hyland & Tracey",Olson,1958,0.58
Caryophyllales,Cactaceae,Stenocereus,thurberi,,(Engelm.)Buxb.,Olson,2978,0.51
Caryophyllales,Cactaceae,Stenocereus,thurberi,,(Engelm.)Buxb.,Olson,2987,0.52
Caryophyllales,Cactaceae,Stenocereus,thurberi,,(Engelm.)Buxb.,Olson,2994,0.43
Asterales,Asteraceae,Eriophyllum,confertiflorum,,(DC.) A. Gray,Olson,2611,0.5
Asterales,Asteraceae,Eriophyllum,confertiflorum,,(DC.) A. Gray,Olson,2612,0.52
Asterales,Asteraceae,Eriophyllum,confertiflorum,,(DC.) A. Gray,Olson,2613,0.54
Fabales,Fabaceae,Lupinus,excubitus,,M. E. Jones,M?ndez-Alonzo,34,0.38
Fabales,Fabaceae,Lupinus,excubitus,,M. E. Jones,M?ndez-Alonzo,35,0.33
Fabales,Fabaceae,Lupinus,excubitus,,M. E. Jones,M?ndez-Alonzo,36,0.48
Asterales,Asteraceae,Ericameria,martirensis,,Wiggins,M?ndez-Alonzo,49,0.5
Asterales,Asteraceae,Ericameria,martirensis,,Wiggins,M?ndez-Alonzo,50,0.4
Asterales,Asteraceae,Ericameria,martirensis,,Wiggins,M?ndez-Alonzo,51,0.58
Saxifragales,Grossulariaceae,Ribes,magellanicum,,Poir.,Fajardo,P.Rm 1,0.55
Saxifragales,Grossulariaceae,Ribes,magellanicum,,Poir.,Fajardo,P.Rm 2,0.6
Saxifragales,Grossulariaceae,Ribes,magellanicum,,Poir.,Fajardo,P.Rm 3,0.56
Asterales,Asteraceae,Baccharis,reticulata,,(Ruiz. et Pav.) Pers.,Camarero,20.1,0.47
Asterales,Asteraceae,Baccharis,reticulata,,(Ruiz. et Pav.) Pers.,Camarero,20.2,0.33
Asterales,Asteraceae,Baccharis,reticulata,,(Ruiz. et Pav.) Pers.,Camarero,20.3,0.47
Magnoliales,Annonaceae,Haplostichanthus,ramiflorus,,Jessup,Rosell,1,0.66
Magnoliales,Annonaceae,Haplostichanthus,ramiflorus,,Jessup,Rosell,2,0.65
Magnoliales,Annonaceae,Haplostichanthus,ramiflorus,,Jessup,Rosell,3,0.62
Sapindales,Anacardiaceae,Buchanania,obovata,,Engl. ,Rosell,1,0.49
Sapindales,Anacardiaceae,Buchanania,obovata,,Engl. ,Rosell,2,0.53
Sapindales,Anacardiaceae,Buchanania,obovata,,Engl. ,Rosell,4,0.55
Ericales,Ericaceae,Arctostaphylos,pringlei,,Parry,M?ndez-Alonzo,55,0.61
Ericales,Ericaceae,Arctostaphylos,pringlei,,Parry,M?ndez-Alonzo,56,0.59
Ericales,Ericaceae,Arctostaphylos,pringlei,,Parry,M?ndez-Alonzo,57,0.53
Asterales,Asteraceae,Ageratina,sp,,,Camarero,9.1,0.51
Asterales,Asteraceae,Ageratina,sp,,,Camarero,9.2,0.52
Asterales,Asteraceae,Ageratina,sp,,,Camarero,9.3,0.5
Malpighiales,Rhizophoraceae,Carallia,brachiata,,(Lour.)Merr. ,Rosell,1,0.71
Malpighiales,Rhizophoraceae,Carallia,brachiata,,(Lour.)Merr. ,Rosell,2,0.68
Malpighiales,Rhizophoraceae,Carallia,brachiata,,(Lour.)Merr. ,Rosell,3,0.73
Fabales,Fabaceae,Mimosa,sp,,,Olson,3073,0.67
Fabales,Fabaceae,Mimosa,sp,,,Olson,3074,0.74
Fabales,Fabaceae,Mimosa,sp,,,Olson,3075,0.74
Malpighiales,Phyllanthaceae,Glochidion,ferdinandii,,(M?ll. Arg.) F. M. Bailey,Olson,2161,0.68
Lamiales,Orobanchaceae,Cordylanthus,rigidus,,(Benth.) Jeps. ,Olson,4354,0.54
Lamiales,Orobanchaceae,Cordylanthus,rigidus,,(Benth.) Jeps. ,Olson,4356,0.36
Fabales,Fabaceae,Chloroleucon,foliolosum,,(Benth.) G.P.Lewis,Olson,4694,0.7
Fabales,Fabaceae,Chloroleucon,foliolosum,,(Benth.) G.P.Lewis,Olson,4695,0.73
Fabales,Fabaceae,Chloroleucon,foliolosum,,(Benth.) G.P.Lewis,Olson,4696,0.79
Sapindales,Sapindaceae,Cardiospermum,grandiflorum,,Sw.,Olson,2426,0.33
Liliales,Liliaceae,Dianella,sp,,,Olson,2258,0.5
Myrtales,Melastomataceae,Miconia,namandensis,,Wurdack,Camarero,4.1,0.42
Myrtales,Melastomataceae,Miconia,namandensis,,Wurdack,Camarero,4.2,0.5
Myrtales,Melastomataceae,Miconia,namandensis,,Wurdack,Camarero,4.3,0.48
Laurales,Monimiaceae,Palmeria,scandens,nonself,F. Muell.,Olson,23862,0.51
Gentianales,Apocynaceae,Cascabela,ovata,,(Cav.) Lippold,Olson,2791,0.64
Malpighiales,Salicaceae,Populus,tremula,,L.,Camarero,Ptr1,0.35
Malpighiales,Salicaceae,Populus,tremula,,L.,Camarero,Ptr2,0.42
Malpighiales,Salicaceae,Populus,tremula,,L.,Camarero,Ptr3,0.44
Malvales,Thymelaeaceae,Daphnopsis,megacarpa,,Nevling & Barringer,Olson,1425,0.47
Malvales,Thymelaeaceae,Daphnopsis,megacarpa,,Nevling & Barringer,Olson,1428,0.38
Malvales,Thymelaeaceae,Daphnopsis,megacarpa,,Nevling & Barringer,Olson,1429,0.35
Zygophyllales,Krameriaceae,Krameria,grayi,,Rose & Painter,Olson,2596,0.78
Zygophyllales,Krameriaceae,Krameria,grayi,,Rose & Painter,Olson,2597,0.6
Zygophyllales,Krameriaceae,Krameria,grayi,,Rose & Painter,Olson,2598,0.76
Proteales,Proteaceae,Roupala,montana,LT,Aubl.,Olson,4055,0.76
Malpighiales,Euphorbiaceae,Sapium,glandulosum,,(L.)Morong,Olson,4790,0.32
Malpighiales,Euphorbiaceae,Sapium,glandulosum,,(L.)Morong,Olson,4791,0.32
Malpighiales,Euphorbiaceae,Sapium,glandulosum,,(L.)Morong,Olson,4792,0.36
Sapindales,Sapindaceae,Thouinidium,decandrum,,(Humb. & Bonpl.) Radlk.,Olson,2871,0.69
Sapindales,Sapindaceae,Thouinidium,decandrum,,(Humb. & Bonpl.) Radlk.,Olson,2872,0.67
Dipsacales,Adoxaceae,Viburnum,lantanoides,,Michx.,Olson,5114,0.62
Dipsacales,Adoxaceae,Viburnum,lantanoides,,Michx.,Olson,5115,0.58
Dipsacales,Adoxaceae,Viburnum,lantanoides,,Michx.,Olson,5116,0.54
Malpighiales,Violaceae,Rinorea,guatemalensis,,(S. Watson) Bartlett,Olson,1380,0.63
Malpighiales,Violaceae,Rinorea,guatemalensis,,(S. Watson) Bartlett,Olson,1381,0.58
Malpighiales,Violaceae,Rinorea,guatemalensis,,(S. Watson) Bartlett,Olson,4042,0.66
Laurales,Lauraceae,Ocotea,corymbosa,,(Meisn.) Mez,Olson,4667,0.53
Laurales,Lauraceae,Ocotea,corymbosa,,(Meisn.) Mez,Olson,4668,0.47
Brassicales,Caricaceae,Jacaratia,dolichaula,,(Donn. Sm.) Woodson,Olson,1413,0.29
Brassicales,Caricaceae,Jacaratia,dolichaula,,(Donn. Sm.) Woodson,Olson,1418,0.29
Brassicales,Caricaceae,Jacaratia,dolichaula,,(Donn. Sm.) Woodson,Olson,1427,0.25
Laurales,Lauraceae,Cryptocarya,mackinnoniana,,F. Muell. ,Rosell,1,0.63
Laurales,Lauraceae,Cryptocarya,mackinnoniana,,F. Muell. ,Rosell,2,0.68
Laurales,Lauraceae,Cryptocarya,mackinnoniana,,F. Muell. ,Rosell,3,0.64
Proteales,Proteaceae,Orites,diversifolius,,R. Br.,Olson,2323,0.48
Proteales,Proteaceae,Orites,diversifolius,,R. Br.,Olson,2324,0.59
Proteales,Proteaceae,Orites,diversifolius,,R. Br.,Olson,2325,0.59
Proteales,Proteaceae,Lambertia,formosa,,Sm.,Olson,2135,0.9
Proteales,Proteaceae,Lambertia,formosa,,Sm.,Olson,2136,0.56
Proteales,Proteaceae,Lambertia,formosa,,Sm.,Olson,2159,0.46
Lamiales,Plantaginaceae,Penstemon,centranthifolius,,(Benth.) Benth.,M?ndez-Alonzo,64,0.48
Lamiales,Plantaginaceae,Penstemon,centranthifolius,,(Benth.) Benth.,M?ndez-Alonzo,65,0.33
Lamiales,Plantaginaceae,Penstemon,centranthifolius,,(Benth.) Benth.,M?ndez-Alonzo,66,0.5
Chloranthales,Chloranthaceae,Ascarina,rubricaulis,MtHumboldt,Solms,Trueba,426,0.423076923
Chloranthales,Chloranthaceae,Ascarina,rubricaulis,MtHumboldt,Solms,Trueba,427,0.36
Rosales,Rhamnaceae,Ceanothus,spinosus,,Nutt. ,Olson,4309,0.68
Rosales,Rhamnaceae,Ceanothus,spinosus,,Nutt. ,Olson,4310,0.64
Rosales,Rhamnaceae,Ceanothus,spinosus,,Nutt. ,Olson,4311,0.52
Myrtales,Combretaceae,Combretum,leprosum,,Mart.,Olson,4751,0.74
Myrtales,Combretaceae,Combretum,leprosum,,Mart.,Olson,4752,0.56
Myrtales,Combretaceae,Combretum,leprosum,,Mart.,Olson,4753,0.64
Proteales,Proteaceae,Symphionema,montanum,,R. Br. ,Olson,2229,0.57
Laurales,Monimiaceae,Hedycarya,engleriana,,S.Moore,Trueba,419,0.434782609
Laurales,Monimiaceae,Hedycarya,engleriana,,S.Moore,Trueba,420,0.517241379
Aquifoliales,Aquifoliaceae,Ilex,aquifolium,,L.,Camarero,Iaq1,0.59
Aquifoliales,Aquifoliaceae,Ilex,aquifolium,,L.,Camarero,Iaq2,0.65
Aquifoliales,Aquifoliaceae,Ilex,aquifolium,,L.,Camarero,Iaq3,0.61
Ericales,Ericaceae,Arctostaphylos,patula,,Greene,M?ndez-Alonzo,7,0.55
Ericales,Ericaceae,Arctostaphylos,patula,,Greene,M?ndez-Alonzo,8,0.61
Ericales,Ericaceae,Arctostaphylos,patula,,Greene,M?ndez-Alonzo,9,0.62
Laurales,Monimiaceae,Palmeria,scandens,self,F. Muell.,Olson,2405,0.45
Laurales,Monimiaceae,Palmeria,scandens,self,F. Muell.,Olson,2409,0.46
Laurales,Monimiaceae,Hedycarya,cupulata,,Baill.,Castorena,340,0.5
Laurales,Monimiaceae,Hedycarya,cupulata,,Baill.,Castorena,341,0.56
Laurales,Monimiaceae,Hedycarya,cupulata,,Baill.,Castorena,342,0.48
Laurales,Monimiaceae,Hedycarya,cupulata,,Baill.,Trueba,396,0.416666667
Laurales,Monimiaceae,Hedycarya,cupulata,,Baill.,Trueba,399,0.409090909
Laurales,Monimiaceae,Hedycarya,cupulata,,Baill.,Trueba,400,0.5
Proteales,Proteaceae,Grevillea,pteridifolia,,Knight,Rosell,1,0.56
Proteales,Proteaceae,Grevillea,pteridifolia,,Knight,Rosell,2,0.57
Proteales,Proteaceae,Grevillea,pteridifolia,,Knight,Rosell,4,0.47
Asterales,Phellinaceae,Phelline,comosa,,Labill.,Trueba,341,0.484848485
Gentianales,Apocynaceae,Alyxia,leucogyne,,Van Heurck & M?ll.Arg.,Castorena,331,0.63
Gentianales,Apocynaceae,Alyxia,leucogyne,,Van Heurck & M?ll.Arg.,Castorena,332,0.67
Gentianales,Apocynaceae,Alyxia,leucogyne,,Van Heurck & M?ll.Arg.,Castorena,333,0.66
Lamiales,Lamiaceae,Salvia,mellifera,,Greene,Olson,4330,0.56
Lamiales,Lamiaceae,Salvia,mellifera,,Greene,Olson,4331,0.62
Lamiales,Lamiaceae,Salvia,mellifera,,Greene,Olson,4332,0.52
Ericales,Ericaceae,Calluna,vulgaris,temp,(L.) Hull,Camarero,CvuTemp1,0.59
Ericales,Ericaceae,Calluna,vulgaris,temp,(L.) Hull,Camarero,CvuTemp2,0.56
Ericales,Ericaceae,Calluna,vulgaris,temp,(L.) Hull,Camarero,CvuTemp3,0.63
Myrtales,Melastomataceae,Miconia,sp2,,,Camarero,16.1,0.37
Myrtales,Melastomataceae,Miconia,sp2,,,Camarero,16.2,0.46
Myrtales,Melastomataceae,Miconia,sp2,,,Camarero,16.3,0.39
Caryophyllales,Amaranthaceae,Iresine,sp,,,Olson,4840,0.39
Asterales,Asteraceae,Artemisia,californica,,Less.,Olson,4366,0.67
Asterales,Asteraceae,Artemisia,californica,,Less.,Olson,4367,0.58
Asterales,Asteraceae,Artemisia,californica,,Less.,Olson,4368,0.66
Asterales,Asteraceae,Ambrosia,artemisiifolia,,L.,Olson,5091,0.35
Asterales,Asteraceae,Ambrosia,artemisiifolia,,L.,Olson,5092,0.27
Asterales,Asteraceae,Ambrosia,artemisiifolia,,L.,Olson,5093,0.26
Rosales,Rhamnaceae,Ziziphus,parryi,,Torr.,Olson,2626,0.62
Rosales,Rhamnaceae,Ziziphus,parryi,,Torr.,Olson,2627,0.77
Rosales,Rhamnaceae,Ziziphus,parryi,,Torr.,Olson,2628,0.63
Fabales,Fabaceae,Piptadenia,stipulacea,,(Benth.) Ducke,Olson,4748,0.81
Fabales,Fabaceae,Piptadenia,stipulacea,,(Benth.) Ducke,Olson,4749,0.64
Fabales,Fabaceae,Piptadenia,stipulacea,,(Benth.) Ducke,Olson,4750,0.73
Myrtales,Vochysiaceae,Vochysia,guatemalensis,,Donn. Sm.,Olson,1382,0.31
Myrtales,Vochysiaceae,Vochysia,guatemalensis,,Donn. Sm.,Olson,1383,0.32
Myrtales,Vochysiaceae,Vochysia,guatemalensis,,Donn. Sm.,Olson,1395,0.33
Malpighiales,Phyllanthaceae,Breynia,cernua,,(Poir.) M?ll.Arg.,Olson,1889,0.48
Malpighiales,Phyllanthaceae,Breynia,cernua,,(Poir.) M?ll.Arg.,Olson,1890,0.52
Malpighiales,Phyllanthaceae,Breynia,cernua,,(Poir.) M?ll.Arg.,Olson,1891,0.76
Asterales,Asteraceae,Viguiera,reticulata,,S. Watson,Olson,2638,0.63
Asterales,Asteraceae,Viguiera,reticulata,,S. Watson,Olson,2639,0.68
Asterales,Asteraceae,Viguiera,reticulata,,S. Watson,Olson,2640,0.65
Asterales,Argophyllaceae,Argophyllum,grunowii,,Zahlbr.,Trueba,493,0.575
Asterales,Argophyllaceae,Argophyllum,grunowii,,Zahlbr.,Trueba,494,0.526315789
Fabales,Fabaceae,Psorothamnus,arborescens,,(A.Gray) Barneby,Olson,2614,0.61
Fabales,Fabaceae,Psorothamnus,arborescens,,(A.Gray) Barneby,Olson,2615,0.5
Fabales,Fabaceae,Psorothamnus,arborescens,,(A.Gray) Barneby,Olson,2616,0.59
Brassicales,Forchhammeriaceae,Forchhammeria,watsonii,,Rose,Olson,2948,0.51
Brassicales,Forchhammeriaceae,Forchhammeria,watsonii,,Rose,Olson,2996,0.58
Brassicales,Forchhammeriaceae,Forchhammeria,watsonii,,Rose,Olson,3072,0.54
Caryophyllales,Nyctaginaceae,Guapira,petenensis,,(Lundell) Lundell,Olson,1632,0.4
Caryophyllales,Nyctaginaceae,Guapira,petenensis,,(Lundell) Lundell,Olson,1633,0.47
Caryophyllales,Nyctaginaceae,Guapira,petenensis,,(Lundell) Lundell,Olson,1634,0.4
Rosales,Rhamnaceae,Frangula,californica,,(Eschsch.) A. Gray,M?ndez-Alonzo,37,0.43
Rosales,Rhamnaceae,Frangula,californica,,(Eschsch.) A. Gray,M?ndez-Alonzo,38,0.48
Rosales,Rhamnaceae,Frangula,californica,,(Eschsch.) A. Gray,M?ndez-Alonzo,39,0.46
Rosales,Moraceae,Pseudolmedia,glabrata,,(Liebm.) C.C.Berg,Olson,4105,0.67
Apiales,Araliaceae,Polyscias,murrayi,,(F.Muell.) Harms,Olson,4164,0.36
Apiales,Araliaceae,Polyscias,murrayi,,(F.Muell.) Harms,Olson,4165,0.41
Apiales,Araliaceae,Polyscias,murrayi,,(F.Muell.) Harms,Olson,4166,0.33
Ericales,Primulaceae,Myrsine,sp,,,Camarero,14.1,0.52
Ericales,Primulaceae,Myrsine,sp,,,Camarero,14.2,0.48
Ericales,Primulaceae,Myrsine,sp,,,Camarero,14.3,0.55
Fabales,Fabaceae,Jacksonia,scoparia,,Sm.,Rosell,1,0.76
Fabales,Fabaceae,Jacksonia,scoparia,,Sm.,Rosell,2,0.76
Fabales,Fabaceae,Jacksonia,scoparia,,Sm.,Rosell,5,0.65
Fagales,Myricaceae,Comptonia,peregrina,,(L.) Coult.,Olson,5130,0.56
Fagales,Myricaceae,Comptonia,peregrina,,(L.) Coult.,Olson,5131,0.54
Fagales,Myricaceae,Comptonia,peregrina,,(L.) Coult.,Olson,5132,0.56
Apiales,Myodocarpaceae,Myodocarpus,involucratus,,Dubard & R.Vig.,Castorena,295,0.61
Apiales,Myodocarpaceae,Myodocarpus,involucratus,,Dubard & R.Vig.,Castorena,296,0.61
Apiales,Myodocarpaceae,Myodocarpus,involucratus,,Dubard & R.Vig.,Castorena,297,0.58
Lamiales,Gesneriaceae,Coronanthera,sericea,,C.B.Clarke,Trueba,368,0.333333333
Lamiales,Gesneriaceae,Coronanthera,sericea,,C.B.Clarke,Trueba,370,0.34375
Lamiales,Lamiaceae,Monardella,linoides,,A. Gray,M?ndez-Alonzo,43,0.33
Lamiales,Lamiaceae,Monardella,linoides,,A. Gray,M?ndez-Alonzo,44,0.34
Lamiales,Lamiaceae,Monardella,linoides,,A. Gray,M?ndez-Alonzo,45,0.42
Lamiales,Oleaceae,Fraxinus,dipetala,,Hook. & Arn. ,Olson,4339,0.69
Lamiales,Oleaceae,Fraxinus,dipetala,,Hook. & Arn. ,Olson,4340,0.7
Lamiales,Oleaceae,Fraxinus,dipetala,,Hook. & Arn. ,Olson,4341,0.63
Asterales,Asteraceae,Ambrosia,salsola,,(Torr. & A. Gray) Strother & B. G. Baldwin,Olson,2644,0.65
Asterales,Asteraceae,Ambrosia,salsola,,(Torr. & A. Gray) Strother & B. G. Baldwin,Olson,2645,0.66
Asterales,Asteraceae,Ambrosia,salsola,,(Torr. & A. Gray) Strother & B. G. Baldwin,Olson,2646,0.65
Ericales,Ericaceae,Erica,cinerea,,L.,Camarero,Eci1,0.67
Ericales,Ericaceae,Erica,cinerea,,L.,Camarero,Eci2,0.6
Ericales,Ericaceae,Erica,cinerea,,L.,Camarero,Eci3,0.69
Malpighiales,Achariaceae,Ryparosa,javanica,,Koord. & Valeton,Olson,1858,0.52
Malpighiales,Achariaceae,Ryparosa,javanica,,Koord. & Valeton,Olson,1860,0.52
Malpighiales,Achariaceae,Ryparosa,javanica,,Koord. & Valeton,Olson,1861,0.49
Laurales,Atherospermataceae,Nemuaron,vieillardii,,(Baill.) Baill.,Trueba,331,0.54
Laurales,Atherospermataceae,Nemuaron,vieillardii,,(Baill.) Baill.,Trueba,333,0.546666667
Laurales,Atherospermataceae,Nemuaron,vieillardii,,(Baill.) Baill.,Trueba,364,0.56
Laurales,Atherospermataceae,Nemuaron,vieillardii,,(Baill.) Baill.,Trueba,428,0.5
Fagales,Fagaceae,Quercus,chrysolepis,,Liebm.,M?ndez-Alonzo,10,0.58
Fagales,Fagaceae,Quercus,chrysolepis,,Liebm.,M?ndez-Alonzo,11,0.65
Fagales,Fagaceae,Quercus,chrysolepis,,Liebm.,M?ndez-Alonzo,12,0.67
Myrtales,Myrtaceae,Eucalyptus,tetrodonta,,F.Muell.,Rosell,1,0.64
Myrtales,Myrtaceae,Eucalyptus,tetrodonta,,F.Muell.,Rosell,2,0.86
Myrtales,Myrtaceae,Eucalyptus,tetrodonta,,F.Muell.,Rosell,5,0.84
Lamiales,Bignoniaceae,Zeyheria,montana,,Mart.,Olson,4590A,0.59
Lamiales,Bignoniaceae,Zeyheria,montana,,Mart.,Olson,4594A,0.55
Lamiales,Bignoniaceae,Zeyheria,montana,,Mart.,Olson,4595A,0.59
Ericales,Ericaceae,Gaultheria,aff_glomerata,,(Cav.) Sleumer,Camarero,21.1,0.44
Ericales,Ericaceae,Gaultheria,aff_glomerata,,(Cav.) Sleumer,Camarero,21.2,0.52
Ericales,Ericaceae,Gaultheria,aff_glomerata,,(Cav.) Sleumer,Camarero,21.3,0.52
Malpighiales,Violaceae,Hymenanthera,dentata,,R. Br ex DC.,Olson,2364,0.43
Malpighiales,Violaceae,Hymenanthera,dentata,,R. Br ex DC.,Olson,2390,0.5
Malpighiales,Violaceae,Hymenanthera,dentata,,R. Br ex DC.,Olson,2391,0.52
Piperales,Piperaceae,Piper,amalago,,L.,Olson,1361,0.42
Piperales,Piperaceae,Piper,amalago,,L.,Olson,1362,0.42
Piperales,Piperaceae,Piper,amalago,,L.,Olson,1363,0.43
Piperales,Piperaceae,Piper,amalago,,L.,Olson,1364,0.41
Boraginales,Boraginaceae,Cordia,trichotoma,,(Vell.) Arr?b. ex Steud.,Olson,4757,0.71
Boraginales,Boraginaceae,Cordia,trichotoma,,(Vell.) Arr?b. ex Steud.,Olson,4758,0.8
Boraginales,Boraginaceae,Cordia,trichotoma,,(Vell.) Arr?b. ex Steud.,Olson,4759,0.83
Laurales,Atherospermataceae,Doryphora,sassafras,,Endl.,Olson,2410,0.54
Laurales,Atherospermataceae,Doryphora,sassafras,,Endl.,Olson,4122,0.35
Laurales,Atherospermataceae,Doryphora,sassafras,,Endl.,Olson,4124,0.46
Malpighiales,Picrodendraceae,Austrobuxus,eugeniifolius,,(Guillaumin) Airy Shaw,Trueba,467,0.55
Asterales,Phellinaceae,Phelline,sp3,,,Trueba,340,0.588235294
Ericales,Ericaceae,Gaultheria,reticulata,,Kunth.,Camarero,13.1,0.43
Ericales,Ericaceae,Gaultheria,reticulata,,Kunth.,Camarero,13.2,0.51
Ericales,Ericaceae,Gaultheria,reticulata,,Kunth.,Camarero,13.3,0.51
Asterales,Asteraceae,Hazardia,squarrosa,,(Hook. & Arn.) Greene,Olson,4351,0.44
Asterales,Asteraceae,Hazardia,squarrosa,,(Hook. & Arn.) Greene,Olson,4352,0.62
Asterales,Asteraceae,Hazardia,squarrosa,,(Hook. & Arn.) Greene,Olson,4353,0.53
Escalloniales,Escalloniaceae,Escallonia,virgata,,(Ruiz. et Pav.) Pers.,Fajardo,P.Ev 1,0.64
Escalloniales,Escalloniaceae,Escallonia,virgata,,(Ruiz. et Pav.) Pers.,Fajardo,P.Ev 2,0.67
Escalloniales,Escalloniaceae,Escallonia,virgata,,(Ruiz. et Pav.) Pers.,Fajardo,P.Ev 3,0.67
Celastrales,Celastraceae,Wimmeria,bartlettii,,Lundell,Olson,4830,1.03
Chloranthales,Chloranthaceae,Ascarina,solmsiana,,Schltr.,Trueba,348,0.157894737
Chloranthales,Chloranthaceae,Ascarina,solmsiana,,Schltr.,Trueba,418,0.46875
Chloranthales,Chloranthaceae,Ascarina,solmsiana,,Schltr.,Trueba,419,0.434782609
Myrtales,Myrtaceae,Eucalyptus,punctata,,A.Cunn. Ex DC.,Rosell,2,0.74
Myrtales,Myrtaceae,Eucalyptus,punctata,,A.Cunn. Ex DC.,Rosell,3,0.69
Myrtales,Myrtaceae,Eucalyptus,punctata,,A.Cunn. Ex DC.,Rosell,5,0.65
Malpighiales,Salicaceae,Salix,caprea,temp,L.,Camarero,ScaTemp1,0.53
Malpighiales,Salicaceae,Salix,caprea,temp,L.,Camarero,ScaTemp2,0.54
Malpighiales,Salicaceae,Salix,caprea,temp,L.,Camarero,ScaTemp3,0.54
Myrtales,Melastomataceae,Miconia,albicans,,(Sw.) Steud.,Olson,4672,0.63
Myrtales,Melastomataceae,Miconia,albicans,,(Sw.) Steud.,Olson,4673,0.62
Myrtales,Melastomataceae,Miconia,albicans,,(Sw.) Steud.,Olson,4674,0.64
Malpighiales,Ochnaceae,Ouratea,spectabilis,,(Mart. ex Engl.) Engl.,Olson,4597,0.39
Malpighiales,Ochnaceae,Ouratea,spectabilis,,(Mart. ex Engl.) Engl.,Olson,4598,0.41
Malpighiales,Ochnaceae,Ouratea,spectabilis,,(Mart. ex Engl.) Engl.,Olson,4599,0.51
Malpighiales,Ochnaceae,Ouratea,spectabilis,,Mart. ex Engl.,Olson,4678,0.5
Malpighiales,Ochnaceae,Ouratea,spectabilis,,Mart. ex Engl.,Olson,4679,0.53
Vitales,Vitaceae,Leea,indica,,(Burm. f.) Merr.,Olson,4270,0.23
Vitales,Vitaceae,Leea,indica,,(Burm. f.) Merr.,Olson,4277,0.43
Vitales,Vitaceae,Leea,indica,,(Burm. f.) Merr.,Olson,4280,0.43
Vitales,Vitaceae,Leea,indica,,(Burm. f.) Merr.,Olson,4287,0.22
Malpighiales,Euphorbiaceae,Omphalea,oleifera,,Hemsl.,Olson,1434,0.21
Chloranthales,Chloranthaceae,Hedyosmum,sp,,,Camarero,12.1,0.55
Chloranthales,Chloranthaceae,Hedyosmum,sp,,,Camarero,12.2,0.58
Chloranthales,Chloranthaceae,Hedyosmum,sp,,,Camarero,12.3,0.53
Sapindales,Anacardiaceae,Spondias,tuberosa,,Arruda,Olson,4724,0.58
Sapindales,Anacardiaceae,Spondias,tuberosa,,Arruda,Olson,4725,0.53
Sapindales,Anacardiaceae,Spondias,tuberosa,,Arruda,Olson,4726,0.56
Laurales,Lauraceae,Cryptocarya,aristata,,Kosterm.,Trueba,445,0.47
Sapindales,Anacardiaceae,Myracrodruon,urundeuva,,Allem?o,Olson,4697,0.75
Sapindales,Anacardiaceae,Myracrodruon,urundeuva,,Allem?o,Olson,4698,0.71
Sapindales,Anacardiaceae,Myracrodruon,urundeuva,,Allem?o,Olson,4699,0.71
Rosales,Ulmaceae,Ulmus,mexicana,,(Liebm.) Planch.,Olson,4076,0.64
Laurales,Lauraceae,Sassafras,albidum,,(Nutt.) Nees,Olson,5104,0.44
Laurales,Lauraceae,Sassafras,albidum,,(Nutt.) Nees,Olson,5105,0.4
Malpighiales,Euphorbiaceae,Jatropha,cuneata,,Wiggins & Rollins,Olson,2945,0.32
Malpighiales,Euphorbiaceae,Jatropha,cuneata,,Wiggins & Rollins,Olson,2946,0.28
Malpighiales,Euphorbiaceae,Jatropha,cuneata,,Wiggins & Rollins,Olson,2947,0.36
Laurales,Lauraceae,Cryptocarya,elliptica,,Schltr.,Trueba,411,0.49
Asterales,Asteraceae,Baccharis,sp,,,Camarero,22.1,0.39
Asterales,Asteraceae,Baccharis,sp,,,Camarero,22.2,0.44
Asterales,Asteraceae,Baccharis,sp,,,Camarero,22.3,0.43
Fagales,Nothofagaceae,Nothofagus,pumilio,,(Poepp. et Endl.) Krasser,Fajardo,P.Np 1,0.45
Fagales,Nothofagaceae,Nothofagus,pumilio,,(Poepp. et Endl.) Krasser,Fajardo,P.Np 2,0.41
Fagales,Nothofagaceae,Nothofagus,pumilio,,(Poepp. et Endl.) Krasser,Fajardo,P.Np 3,0.41
Ericales,Actinidiaceae,Saurauia,scabrida,,Hemsl.,Olson,4033,0.48
Ericales,Actinidiaceae,Saurauia,scabrida,,Hemsl.,Olson,4034,0.47
Ericales,Actinidiaceae,Saurauia,scabrida,,Hemsl.,Olson,4035,0.41
Malvales,Malvaceae,Sida,galheirensis,,Ulbr. ,Olson,4692,0.63
Malvales,Malvaceae,Sida,galheirensis,,Ulbr. ,Olson,4693,0.65
Santalales,Loranthaceae,Amyema,pendula,,(Sieber ex. Spreng.) Tiegh.,Olson,2220,0.7
Santalales,Loranthaceae,Amyema,pendula,,(Sieber ex. Spreng.) Tiegh.,Olson,2221,0.67
Santalales,Loranthaceae,Amyema,pendula,,(Sieber ex. Spreng.) Tiegh.,Olson,2222,0.58
Rosales,Rhamnaceae,Alphitonia,neocaledonica,,(Schltr.) Guillaumin,Castorena,325,0.72
Rosales,Rhamnaceae,Alphitonia,neocaledonica,,(Schltr.) Guillaumin,Castorena,326,0.82
Rosales,Rhamnaceae,Alphitonia,neocaledonica,,(Schltr.) Guillaumin,Castorena,327,0.75
Gentianales,Apocynaceae,Allamanda,blanchetii,,A. DC.,Olson,4802,0.75
Gentianales,Apocynaceae,Allamanda,blanchetii,,A. DC.,Olson,4803,0.62
Gentianales,Apocynaceae,Allamanda,blanchetii,,A. DC.,Olson,4804,0.59
Fabales,Fabaceae,Stylosanthes,viscosa,,Sw.,Olson,4730,0.6
Fabales,Fabaceae,Stylosanthes,viscosa,,Sw.,Olson,4731,0.71
Fabales,Fabaceae,Stylosanthes,viscosa,,Sw.,Olson,4732,0.65
Fagales,Fagaceae,Quercus,robur,,L.,Camarero,Qro1,0.46
Fagales,Fagaceae,Quercus,robur,,L.,Camarero,Qro2,0.42
Fagales,Fagaceae,Quercus,robur,,L.,Camarero,Qro3,0.53
Myrtales,Myrtaceae,Syzygium,macranthum,,Brongn. & Gris,Castorena,271,0.51
Myrtales,Myrtaceae,Syzygium,macranthum,,Brongn. & Gris,Castorena,272,0.4136
Myrtales,Myrtaceae,Syzygium,macranthum,,Brongn. & Gris,Castorena,273,0.5
Magnoliales,Annonaceae,Annona,crassiflora,,Mart.,Olson,4610,0.19
Magnoliales,Annonaceae,Annona,crassiflora,,Mart.,Olson,4611,0.33
Magnoliales,Annonaceae,Annona,crassiflora,,Mart.,Olson,4612,0.43
Rosales,Rosaceae,Sorbus,chamaemespilus,,(L.) Crantz,Camarero,Sch1,0.57
Rosales,Rosaceae,Sorbus,chamaemespilus,,(L.) Crantz,Camarero,Sch2,0.68
Rosales,Rosaceae,Sorbus,chamaemespilus,,(L.) Crantz,Camarero,Sch3,0.58
Fagales,Nothofagaceae,Nothofagus,antarctica,,(G. Forst.) Oerst.,Fajardo,P.Na 1,0.5
Fagales,Nothofagaceae,Nothofagus,antarctica,,(G. Forst.) Oerst.,Fajardo,P.Na 2,0.5
Fagales,Nothofagaceae,Nothofagus,antarctica,,(G. Forst.) Oerst.,Fajardo,P.Na 3,0.53
Oxalidales,Cunoniaceae,Eucryphia,moorei,,F. Muell. ,Olson,2399,0.5
Oxalidales,Cunoniaceae,Eucryphia,moorei,,F. Muell. ,Olson,2400,0.46
Oxalidales,Cunoniaceae,Eucryphia,moorei,,F. Muell. ,Olson,2401,0.47
Malvales,Bixaceae,Cochlospermum,fraseri,,Planch.,Rosell,2,0.27
Malvales,Bixaceae,Cochlospermum,fraseri,,Planch.,Rosell,3,0.2
Malvales,Bixaceae,Cochlospermum,fraseri,,Planch.,Rosell,5,0.36
Oxalidales,Cunoniaceae,Bauera,rubioides,,Andrews,Olson,2290,0.6
Oxalidales,Cunoniaceae,Bauera,rubioides,,Andrews,Olson,2291,0.62
Oxalidales,Cunoniaceae,Bauera,rubioides,,Andrews,Olson,2292,0.63
Laurales,Lauraceae,Nectandra,ambigens,,(S.F. Blake) C.K. Allen,Olson,4106,0.41
Proteales,Proteaceae,Grevillea,exul,,Lindl.,Castorena,266,0.58
Proteales,Proteaceae,Grevillea,exul,,Lindl.,Castorena,267,0.65
Ranunculales,Berberidaceae,Berberis,empetrifolia,,Lam.,Fajardo,P.Be 1,0.53
Ranunculales,Berberidaceae,Berberis,empetrifolia,,Lam.,Fajardo,P.Be 2,0.57
Ranunculales,Berberidaceae,Berberis,empetrifolia,,Lam.,Fajardo,P.Be 3,0.61
Lamiales,Verbenaceae,Lippia,balansae,,Briq.,Olson,4651,0.73
Lamiales,Verbenaceae,Lippia,balansae,,Briq.,Olson,4652,0.68
Lamiales,Verbenaceae,Lippia,balansae,,Briq.,Olson,4653,0.62
Asterales,Goodeniaceae,Scaevola,beckii,,Zahlbr.,Castorena,262,0.52
Asterales,Goodeniaceae,Scaevola,beckii,,Zahlbr.,Castorena,263,0.55
Asterales,Goodeniaceae,Scaevola,beckii,,Zahlbr.,Castorena,264,0.46
Myrtales,Myrtaceae,Campomanesia,adamantium,,(Cambress.) O. Berg.,Olson,4622,0.34
Myrtales,Myrtaceae,Campomanesia,adamantium,,(Cambress.) O. Berg.,Olson,4623,0.61
Myrtales,Myrtaceae,Campomanesia,adamantium,,(Cambress.) O. Berg.,Olson,4624,0.6
Malvales,Bixaceae,Cochlospermum,vitifolium,,(Willd.) Spreng.,Olson,1509,0.22
Malvales,Bixaceae,Cochlospermum,vitifolium,,(Willd.) Spreng.,Olson,1510,0.24
Malvales,Bixaceae,Cochlospermum,vitifolium,,(Willd.) Spreng.,Olson,1511,0.22
Dipsacales,Adoxaceae,Viburnum,acerifolium,,L.,Olson,5117,0.51
Dipsacales,Adoxaceae,Viburnum,acerifolium,,L.,Olson,5118,0.66
Dipsacales,Adoxaceae,Viburnum,acerifolium,,L.,Olson,5119,0.65
Laurales,Calycanthaceae,Idiospermum,australiense,,(Diels) S.T.Blake,Olson,4282,0.51
Laurales,Calycanthaceae,Idiospermum,australiense,,(Diels) S.T.Blake,Rosell,1,0.6
Malpighiales,Salicaceae,Populus,tremuloides,,Michx.,M?ndez-Alonzo,16,0.38
Malpighiales,Salicaceae,Populus,tremuloides,,Michx.,M?ndez-Alonzo,17,0.35
Malpighiales,Salicaceae,Populus,tremuloides,,Michx.,M?ndez-Alonzo,18,0.45
Ericales,Ericaceae,Gaultheria,foliolosa,,Benth.,Camarero,25.1,0.4
Ericales,Ericaceae,Gaultheria,foliolosa,,Benth.,Camarero,25.2,0.4
Ericales,Ericaceae,Gaultheria,foliolosa,,Benth.,Camarero,25.3,0.41
Fabales,Fabaceae,Erythrina,flabelliformis,,Kearney ,Olson,2959,0.13
Fabales,Fabaceae,Erythrina,flabelliformis,,Kearney ,Olson,3005,0.12
Fabales,Fabaceae,Erythrina,flabelliformis,,Kearney ,Olson,3006,0.14
Rosales,Rosaceae,Rosa,pendulina,,L. ,Camarero,Rap1,0.57
Rosales,Rosaceae,Rosa,pendulina,,L. ,Camarero,Rap2,0.57
Rosales,Rosaceae,Rosa,pendulina,,L. ,Camarero,Rap3,0.75
Laurales,Siparunaceae,Siparuna,thecaphora,,(Poepp. & Endl.) A.DC.,Olson,1350,0.32
Laurales,Siparunaceae,Siparuna,thecaphora,,(Poepp. & Endl.) A.DC.,Olson,1351,0.3
Laurales,Siparunaceae,Siparuna,thecaphora,,(Poepp. & Endl.) A.DC.,Olson,1352,0.35
Laurales,Siparunaceae,Siparuna,thecaphora,,(Poepp. & Endl.) A.DC.,Olson,1353,0.33
Santalales,Loranthaceae,Atkinsonia,ligustrina,,(Lindl.) F. Muell.,Olson,2223,0.58
Santalales,Loranthaceae,Atkinsonia,ligustrina,,(Lindl.) F. Muell.,Olson,2224,0.58
Santalales,Loranthaceae,Atkinsonia,ligustrina,,(Lindl.) F. Muell.,Olson,2225,0.6
Fagales,Betulaceae,Betula,pubescens,,Ehrh.,Camarero,Bpu1,0.5
Fagales,Betulaceae,Betula,pubescens,,Ehrh.,Camarero,Bpu2,0.52
Fagales,Betulaceae,Betula,pubescens,,Ehrh.,Camarero,Bpu3,0.53
Oxalidales,Elaeocarpaceae,Tetratheca,rubioides,,A. Cunn.,Olson,2234,0.67
Oxalidales,Brunelliaceae,Brunellia,mexicana,,Standl.,Olson,5567,0.288461538
Oxalidales,Brunelliaceae,Brunellia,mexicana,,Standl.,Olson,5568,0.315789474
Oxalidales,Brunelliaceae,Brunellia,mexicana,,Standl.,Olson,5569,0.287671233
Gentianales,Rubiaceae,Randia,capitata,,DC.,Olson,3008,0.75
Gentianales,Rubiaceae,Randia,capitata,,DC.,Olson,3009,0.93
Gentianales,Rubiaceae,Randia,capitata,,DC.,Olson,3010,0.74
Lamiales,Oleaceae,Osmanthus,austrocaledonicus,,(Vieill.) Knobl.,Castorena,343,0.81
Lamiales,Oleaceae,Osmanthus,austrocaledonicus,,(Vieill.) Knobl.,Castorena,344,0.81
Brassicales,Caricaceae,Carica,papaya,,L. ,Olson,1365,0.03
Brassicales,Caricaceae,Carica,papaya,,L. ,Olson,1377,0.02
Brassicales,Caricaceae,Carica,papaya,,L. ,Olson,1378,0.04
Brassicales,Caricaceae,Carica,papaya,,L. ,Olson,1379,0.03
Apiales,Pennantiaceae,Pennantia,cunninghamii,Illawarra,Miers,Olson,2388,0.41
Apiales,Pennantiaceae,Pennantia,cunninghamii,Illawarra,Miers,Olson,2389,0.42
Austrobaileyales,Trimeniaceae,Trimenia,neocaledonica,,Baker f.,Trueba,349,0.333333333
Fagales,Nothofagaceae,Nothofagus,dombeyi,,Mirb. (Oerst.),Fajardo,P.Nd 1,0.52
Fagales,Nothofagaceae,Nothofagus,dombeyi,,Mirb. (Oerst.),Fajardo,P.Nd 2,0.4
Fagales,Nothofagaceae,Nothofagus,dombeyi,,Mirb. (Oerst.),Fajardo,P.Nd 3,0.45
Caryophyllales,Amaranthaceae,Iresine,arbuscula,,Uline & W.L.Bray,Olson,4824,0.16
Caryophyllales,Amaranthaceae,Iresine,arbuscula,,Uline & W.L.Bray,Olson,4825,0.25
Caryophyllales,Amaranthaceae,Iresine,arbuscula,,Uline & W.L.Bray,Olson,4834,0.27
Rosales,Urticaceae,Cecropia,obtusifolia,,Bertol.,Olson,4059,0.4
Gentianales,Rubiaceae,Pomax,umbellata,,(Gaertn.)Sol. ex A. Rich.,Olson,2246,0.33
Magnoliales,Magnoliaceae,Magnolia,mexicana,,DC.,Olson,1441,0.48
Gentianales,Rubiaceae,Antirhea,tenuiflora,,F.Muell. ex Benth.,Rosell,1,0.56
Gentianales,Rubiaceae,Antirhea,tenuiflora,,F.Muell. ex Benth.,Rosell,2,0.5
Gentianales,Rubiaceae,Antirhea,tenuiflora,,F.Muell. ex Benth.,Rosell,3,0.67
Myrtales,Onagraceae,Epilobium,canum,,(Greene) P.H.Raven,Olson,2578,0.33
Myrtales,Onagraceae,Epilobium,canum,,(Greene) P.H.Raven,Olson,2579,0.26
Myrtales,Onagraceae,Epilobium,canum,,(Greene) P.H.Raven,Olson,2580,0.33
Fagales,Casuarinaceae,Allocasuarina,distyla,,(Vent.) L.A.S.Johnson,Olson,2217,0.68
Fagales,Casuarinaceae,Allocasuarina,distyla,,(Vent.) L.A.S.Johnson,Olson,2218,0.72
Fagales,Casuarinaceae,Allocasuarina,distyla,,(Vent.) L.A.S.Johnson,Olson,2219,0.68
Huerteales,Dipentodontaceae,Perrottetia,longistylis,,Rose,Olson,4837,0.42
Picramniales,Picramniaceae,Picramnia,antidesma,,Sw.,Olson,4835,0.51
Santalales,Olacaceae,Ximenia,americana,CAA,L.,Olson,4784,0.67
Santalales,Olacaceae,Ximenia,americana,CAA,L.,Olson,4785,0.71
Santalales,Olacaceae,Ximenia,americana,CAA,L.,Olson,4786,0.68
Fagales,Betulaceae,Betula,lenta,,L.,Olson,5036,0.56
Fagales,Betulaceae,Betula,lenta,,L.,Olson,5064,0.57
Fagales,Betulaceae,Betula,lenta,,L.,Olson,5071,0.53
Zygophyllales,Zygophyllaceae,Guaiacum,unijugum,,Brandegee,Olson,3084,0.82
Zygophyllales,Zygophyllaceae,Guaiacum,unijugum,,Brandegee,Olson,3085,0.8
Zygophyllales,Zygophyllaceae,Guaiacum,unijugum,,Brandegee,Olson,3086,0.88
Fagales,Betulaceae,Alnus,glutinosa,alp,(L.) Gaertn.,Camarero,AglAlp1,0.48
Fagales,Betulaceae,Alnus,glutinosa,alp,(L.) Gaertn.,Camarero,AglAlp2,0.33
Fagales,Betulaceae,Alnus,glutinosa,alp,(L.) Gaertn.,Camarero,AglAlp3,0.34
Dilleniales,Dilleniaceae,Hibbertia,juncea,,(Benth.)J.W.Horn,Olson,20662,0.5
Dilleniales,Dilleniaceae,Hibbertia,juncea,,(Benth.)J.W.Horn,Olson,20672,0.56
Dilleniales,Dilleniaceae,Hibbertia,juncea,,(Benth.)J.W.Horn,Olson,2068,0.67
Santalales,Olacaceae,Ximenia,americana,CH,L.,Olson,2792,0.49
Santalales,Olacaceae,Ximenia,americana,CH,L.,Olson,2793,0.67
Santalales,Olacaceae,Ximenia,americana,CH,L.,Olson,2794,0.66
Magnoliales,Eupomatiaceae,Eupomatia,bennettii,,F. Muell. ,Olson,1859,0.47
Magnoliales,Eupomatiaceae,Eupomatia,bennettii,,F. Muell. ,Olson,18591,0.54
Magnoliales,Eupomatiaceae,Eupomatia,bennettii,,F. Muell. ,Olson,18593,0.55
Magnoliales,Eupomatiaceae,Eupomatia,bennettii,,F. Muell. ,Olson,18594,0.33
Lamiales,Lamiaceae,Salvia,leucophylla,,Greene,Olson,4324,0.54
Lamiales,Lamiaceae,Salvia,leucophylla,,Greene,Olson,4325,0.57
Lamiales,Lamiaceae,Salvia,leucophylla,,Greene,Olson,4326,0.53
Rosales,Rosaceae,Crataegus,monogyna,,Jacq.,Camarero,Cmo1,0.64
Rosales,Rosaceae,Crataegus,monogyna,,Jacq.,Camarero,Cmo2,0.6
Rosales,Rosaceae,Crataegus,monogyna,,Jacq.,Camarero,Cmo3,0.6
Proteales,Proteaceae,Persoonia,linearis,,Andrews,Rosell,1,0.57
Proteales,Proteaceae,Persoonia,linearis,,Andrews,Rosell,2,0.57
Proteales,Proteaceae,Persoonia,linearis,,Andrews,Rosell,5,0.51
Asterales,Argophyllaceae,Argophyllum,nitidum,,J.R. Forst. et G. Forst.,Castorena,349,0.56
Asterales,Argophyllaceae,Argophyllum,nitidum,,J.R. Forst. et G. Forst.,Castorena,350,0.51
Asterales,Argophyllaceae,Argophyllum,nitidum,,J.R. Forst. et G. Forst.,Castorena,351,0.5
Asterales,Asteraceae,Ozothamnus,hookeri,,Sond. ,Olson,2314,0.7
Asterales,Asteraceae,Ozothamnus,hookeri,,Sond. ,Olson,2315,0.71
Asterales,Asteraceae,Ozothamnus,hookeri,,Sond. ,Olson,2316,0.67
Proteales,Proteaceae,Bellendena,montana,,R. Br. ,Olson,2350,0.68
Proteales,Proteaceae,Bellendena,montana,,R. Br. ,Olson,2351,0.69
Proteales,Proteaceae,Bellendena,montana,,R. Br. ,Olson,2352,0.6
Fabales,Fabaceae,Caesalpinia,sclerocarpa,,Standl. ,Olson,1504,0.81
Fabales,Fabaceae,Caesalpinia,sclerocarpa,,Standl. ,Olson,1513,0.75
Fabales,Fabaceae,Caesalpinia,sclerocarpa,,Standl. ,Olson,1514,0.83
Ericales,Primulaceae,Ardisia,brevipedata,,F. Muell. ,Olson,1807,0.64
Ericales,Primulaceae,Ardisia,brevipedata,,F. Muell. ,Olson,1815,0.5
Ericales,Primulaceae,Ardisia,brevipedata,,F. Muell. ,Olson,1818,0.63
Ericales,Primulaceae,Ardisia,brevipedata,,F. Muell. ,Rosell,1,0.68
Ericales,Primulaceae,Ardisia,brevipedata,,F. Muell. ,Rosell,2,0.56
Ericales,Primulaceae,Ardisia,brevipedata,,F. Muell. ,Rosell,3,0.56
Rosales,Rhamnaceae,Rhamnus,alpina,,L.,Camarero,Ral1,0.49
Rosales,Rhamnaceae,Rhamnus,alpina,,L.,Camarero,Ral2,0.5
Rosales,Rhamnaceae,Rhamnus,alpina,,L.,Camarero,Ral3,0.46
Malpighiales,Phyllanthaceae,Phyllanthus,aeneus,,Baill.,Castorena,319,0.65
Malpighiales,Phyllanthaceae,Phyllanthus,aeneus,,Baill.,Castorena,320,0.62
Malpighiales,Phyllanthaceae,Phyllanthus,aeneus,,Baill.,Castorena,321,0.62
Laurales,Lauraceae,Lindera,benzoin,,(L.) Blume,Olson,5107,0.45
Laurales,Lauraceae,Lindera,benzoin,,(L.) Blume,Olson,5108,0.49
Laurales,Lauraceae,Lindera,benzoin,,(L.) Blume,Olson,5109,0.51
Malpighiales,Euphorbiaceae,Croton,blanchetianus,,Baill. ,Olson,4805,0.75
Malpighiales,Euphorbiaceae,Croton,blanchetianus,,Baill. ,Olson,4806,0.7
Malpighiales,Euphorbiaceae,Croton,blanchetianus,,Baill. ,Olson,4807,0.78
Dipsacales,Adoxaceae,Sambucus,canadensis,,L.,Olson,5123,0.47
Magnoliales,Annonaceae,Annona,coriacea,,Mart.,Olson,4646,0.48
Magnoliales,Annonaceae,Annona,coriacea,,Mart.,Olson,4665,0.4
Magnoliales,Annonaceae,Annona,coriacea,,Mart.,Olson,4681,0.39
Aquifoliales,Cardiopteridaceae,Citronella,smythii,,(F.Muell.) R.A.Howard,Olson,1856,0.41
Aquifoliales,Cardiopteridaceae,Citronella,smythii,,(F.Muell.) R.A.Howard,Olson,1864,0.54
Aquifoliales,Cardiopteridaceae,Citronella,smythii,,(F.Muell.) R.A.Howard,Olson,1865,0.5
Caryophyllales,Polygonaceae,Coccoloba,barbadensis,,Jacq.,Olson,1489,0.46
Caryophyllales,Polygonaceae,Coccoloba,barbadensis,,Jacq.,Olson,1496,0.55
Caryophyllales,Polygonaceae,Coccoloba,barbadensis,,Jacq.,Olson,1497,0.54
Caryophyllales,Polygonaceae,Coccoloba,barbadensis,,Jacq.,Olson,1498,0.53
Caryophyllales,Polygonaceae,Coccoloba,barbadensis,,Jacq.,Olson,2873,0.52
Caryophyllales,Polygonaceae,Coccoloba,barbadensis,,Jacq.,Olson,2876,0.67
Caryophyllales,Cactaceae,Cereus,jamacaru,,DC.,Olson,4715,0.3
Caryophyllales,Cactaceae,Cereus,jamacaru,,DC.,Olson,4716,0.32
Caryophyllales,Cactaceae,Cereus,jamacaru,,DC.,Olson,4717,0.27
Fabales,Fabaceae,Bauhinia,rufa,,(Bong.) Steud.,Olson,4591,0.64
Santalales,Opiliaceae,Agonandra,racemosa,,(DC.) Standl.,Olson,1543,0.67
Santalales,Opiliaceae,Agonandra,racemosa,,(DC.) Standl.,Olson,1544,0.74
Santalales,Opiliaceae,Agonandra,racemosa,,(DC.) Standl.,Olson,2828,0.69
Proteales,Proteaceae,Persoonia,falcata,,R. Br,Rosell,2,0.78
Proteales,Proteaceae,Persoonia,falcata,,R. Br,Rosell,3,0.79
Proteales,Proteaceae,Persoonia,falcata,,R. Br,Rosell,5,0.83
Fabales,Fabaceae,Ottleya,rigida,,(Benth.) D.D.Sokoloff,Olson,2590,0.46
Fabales,Fabaceae,Ottleya,rigida,,(Benth.) D.D.Sokoloff,Olson,2591,0.4
Fabales,Fabaceae,Ottleya,rigida,,(Benth.) D.D.Sokoloff,Olson,2592,0.57
Fabales,Fabaceae,Syrmatium,glabrum,,Vogel,Olson,4363,0.68
Fabales,Fabaceae,Syrmatium,glabrum,,Vogel,Olson,4364,0.53
Fabales,Fabaceae,Syrmatium,glabrum,,Vogel,Olson,4365,0.58
Rosales,Rosaceae,Prunus,avium,,(L.) L.,Camarero,Pav1,0.56
Rosales,Rosaceae,Prunus,avium,,(L.) L.,Camarero,Pav2,0.46
Rosales,Rosaceae,Prunus,avium,,(L.) L.,Camarero,Pav3,0.47
Crossosomatales,Crossosomataceae,Crossosoma,bigelovii,,S. Watson,Olson,2608,0.64
Crossosomatales,Crossosomataceae,Crossosoma,bigelovii,,S. Watson,Olson,2609,0.63
Crossosomatales,Crossosomataceae,Crossosoma,bigelovii,,S. Watson,Olson,2610,0.65
Fagales,Casuarinaceae,Gymnostoma,deplancheanum,,(Miq.) L.A.S.Johnson,Olson,4234,0.8
Fagales,Casuarinaceae,Gymnostoma,deplancheanum,,(Miq.) L.A.S.Johnson,Olson,4235,0.73
Fagales,Casuarinaceae,Gymnostoma,deplancheanum,,(Miq.) L.A.S.Johnson,Olson,4236,0.79
Santalales,Santalaceae,Phoradendron,californicum,,Nutt.,Olson,2641,0.59
Santalales,Santalaceae,Phoradendron,californicum,,Nutt.,Olson,2642,0.59
Santalales,Santalaceae,Phoradendron,californicum,,Nutt.,Olson,2643,0.57
Myrtales,Myrtaceae,Eucalyptus,pilularis,,Sm. ,Olson,2562,0.44
Myrtales,Myrtaceae,Eucalyptus,pilularis,,Sm. ,Olson,2571,0.48
Myrtales,Myrtaceae,Eucalyptus,pilularis,,Sm. ,Olson,2572,0.56
Myrtales,Onagraceae,Fuchsia,magellanica,,Lam.,Fajardo,P.Fm 1,0.38
Myrtales,Onagraceae,Fuchsia,magellanica,,Lam.,Fajardo,P.Fm 2,0.37
Myrtales,Onagraceae,Fuchsia,magellanica,,Lam.,Fajardo,P.Fm 3,0.42
Oxalidales,Elaeocarpaceae,Dubouzetia,campanulata,,Pancher ex Brongn. & Gris,Castorena,316,0.74
Oxalidales,Elaeocarpaceae,Dubouzetia,campanulata,,Pancher ex Brongn. & Gris,Castorena,317,0.7
Oxalidales,Elaeocarpaceae,Dubouzetia,campanulata,,Pancher ex Brongn. & Gris,Castorena,318,0.61
Solanales,Convolvulaceae,Ipomoea,wolcottiana,,Rose,Olson,2881,0.31
Solanales,Convolvulaceae,Ipomoea,wolcottiana,,Rose,Olson,2882,0.29
Magnoliales,Annonaceae,Annona,leptopetala,,(R.E.Fr.) H.Rainer,Olson,4775,0.69
Magnoliales,Annonaceae,Annona,leptopetala,,(R.E.Fr.) H.Rainer,Olson,4776,0.68
Magnoliales,Annonaceae,Annona,leptopetala,,(R.E.Fr.) H.Rainer,Olson,4777,0.71
Saxifragales,Hamamelidaceae,Hamamelis,virginiana,,L.,Olson,5054,0.51
Saxifragales,Hamamelidaceae,Hamamelis,virginiana,,L.,Olson,5055,0.59
Saxifragales,Hamamelidaceae,Hamamelis,virginiana,,L.,Olson,5056,0.44
Fabales,Fabaceae,Caesalpinia,gardneriana,,Benth.,Olson,4712,0.86
Fabales,Fabaceae,Caesalpinia,gardneriana,,Benth.,Olson,4713,0.84
Fabales,Fabaceae,Caesalpinia,gardneriana,,Benth.,Olson,4714,0.85
Malpighiales,Clusiaceae,Clusia,sp,,,Camarero,10.1,0.65
Malpighiales,Clusiaceae,Clusia,sp,,,Camarero,10.2,0.52
Paracryphiales,Paracryphiaceae,Quintinia,sieberi,,A.DC.,Olson,2367,0.38
Paracryphiales,Paracryphiaceae,Quintinia,sieberi,,A.DC.,Olson,2369,0.39
Paracryphiales,Paracryphiaceae,Quintinia,sieberi,,A.DC.,Olson,2370,0.44
Asterales,Asteraceae,Senecio,sericeo_nitens,,Speg.,Fajardo,P.Sp 1,0.39
Asterales,Asteraceae,Senecio,sericeo_nitens,,Speg.,Fajardo,P.Sp 2,0.53
Asterales,Asteraceae,Senecio,sericeo_nitens,,Speg.,Fajardo,P.Sp 3,0.36
Magnoliales,Eupomatiaceae,Eupomatia,laurina,DT,R. Br. ,Rosell,1,0.5
Magnoliales,Eupomatiaceae,Eupomatia,laurina,DT,R. Br. ,Rosell,2,0.56
Magnoliales,Eupomatiaceae,Eupomatia,laurina,DT,R. Br. ,Rosell,3,0.59
Ericales,Ericaceae,Rhododendron,ferrugineum,,L.,Camarero,Rfe1,0.46
Ericales,Ericaceae,Rhododendron,ferrugineum,,L.,Camarero,Rfe2,0.42
Ericales,Ericaceae,Rhododendron,ferrugineum,,L.,Camarero,Rfe3,0.42
Sapindales,Sapindaceae,Acer,campestre,,L.,Camarero,Aca1,0.53
Sapindales,Sapindaceae,Acer,campestre,,L.,Camarero,Aca2,0.56
Sapindales,Sapindaceae,Acer,campestre,,L.,Camarero,Aca3,0.51
Oxalidales,Cunoniaceae,Codia,spatulata,,Brongn. & Gris,Castorena,280,0.67
Fabales,Fabaceae,Pultenaea,scabra,,R. Br.,Rosell,1,0.86
Fabales,Fabaceae,Pultenaea,scabra,,R. Br.,Rosell,3,0.82
Fabales,Fabaceae,Pultenaea,scabra,,R. Br.,Rosell,5,0.77
Apiales,Pittosporaceae,Pittosporum,undulatum,,Vent.,Olson,4125,0.59
Apiales,Pittosporaceae,Pittosporum,undulatum,,Vent.,Olson,4178,0.56
Apiales,Pittosporaceae,Pittosporum,undulatum,,Vent.,Olson,4179,0.67
Fagales,Betulaceae,Carpinus,caroliniana,,Walt.,Olson,5124,0.52
Fagales,Betulaceae,Carpinus,caroliniana,,Walt.,Olson,5125,0.52
Fagales,Betulaceae,Carpinus,caroliniana,,Walt.,Olson,5126,0.54
Sapindales,Sapindaceae,Acer,pensylvanicum,,L.,Olson,5120,0.49
Sapindales,Sapindaceae,Acer,pensylvanicum,,L.,Olson,5121,0.46
Sapindales,Sapindaceae,Acer,pensylvanicum,,L.,Olson,5122,0.48
Celastrales,Celastraceae,Maytenus,phyllanthoides,,Benth.,Olson,3063,0.57
Celastrales,Celastraceae,Maytenus,phyllanthoides,,Benth.,Olson,3064,0.61
Celastrales,Celastraceae,Maytenus,phyllanthoides,,Benth.,Olson,3065,0.62
Asterales,Asteraceae,Ericameria,pinifolia,,(A. Gray) H. M. Hall,M?ndez-Alonzo,19,0.48
Asterales,Asteraceae,Ericameria,pinifolia,,(A. Gray) H. M. Hall,M?ndez-Alonzo,20,0.42
Asterales,Asteraceae,Ericameria,pinifolia,,(A. Gray) H. M. Hall,M?ndez-Alonzo,21,0.29
Myrtales,Myrtaceae,Eucalyptus,coccifera,,Hook. f.,Olson,2278,0.31
Myrtales,Myrtaceae,Eucalyptus,coccifera,,Hook. f.,Olson,2279,0.5
Myrtales,Myrtaceae,Eucalyptus,coccifera,,Hook. f.,Olson,2280,0.38
Proteales,Proteaceae,Grevillea,decurrens,,Ewart,Rosell,1,0.65
Proteales,Proteaceae,Grevillea,decurrens,,Ewart,Rosell,3,0.58
Proteales,Proteaceae,Grevillea,decurrens,,Ewart,Rosell,4,0.6
Fagales,Betulaceae,Ostrya,virginiana,,(P. Mill) K. Koch,Olson,5127,0.6
Fagales,Betulaceae,Ostrya,virginiana,,(P. Mill) K. Koch,Olson,5128,0.54
Fagales,Betulaceae,Ostrya,virginiana,,(P. Mill) K. Koch,Olson,5129,0.55
Magnoliales,Annonaceae,Cymbopetalum,baillonii,,R.E.Fr.,Olson,1357,0.4
Magnoliales,Annonaceae,Cymbopetalum,baillonii,,R.E.Fr.,Olson,1358,0.35
Magnoliales,Annonaceae,Cymbopetalum,baillonii,,R.E.Fr.,Olson,1359,0.43
Solanales,Solanaceae,Solanum,hindsianum,,Benth. ,Olson,2974,0.59
Solanales,Solanaceae,Solanum,hindsianum,,Benth. ,Olson,2981,0.63
Solanales,Solanaceae,Solanum,hindsianum,,Benth. ,Olson,2983,0.61
Lamiales,Oleaceae,Fraxinus,excelsior,alp,L.,Camarero,FexAlp1,0.61
Lamiales,Oleaceae,Fraxinus,excelsior,alp,L.,Camarero,FexAlp2,0.53
Lamiales,Oleaceae,Fraxinus,excelsior,alp,L.,Camarero,FexAlp3,0.5
Sapindales,Burseraceae,Commiphora,leptophloeos,,(Mart.) J.B.Gillett,Olson,4727,0.38
Sapindales,Burseraceae,Commiphora,leptophloeos,,(Mart.) J.B.Gillett,Olson,4728,0.41
Sapindales,Burseraceae,Commiphora,leptophloeos,,(Mart.) J.B.Gillett,Olson,4729,0.38
Caryophyllales,Nyctaginaceae,Guapira,noxia,,(Netto) Lundell,Olson,4680,0.39
Malpighiales,Euphorbiaceae,Croton,californicus,MV,M?ll.Arg. ,Olson,2587,0.43
Malpighiales,Euphorbiaceae,Croton,californicus,MV,M?ll.Arg. ,Olson,2588,0.44
Malpighiales,Euphorbiaceae,Croton,californicus,MV,M?ll.Arg. ,Olson,2589,0.32
Ericales,Ericaceae,Richea,scoparia,,Hook. f. ,Olson,2302,0.59
Ericales,Ericaceae,Richea,scoparia,,Hook. f. ,Olson,2303,0.55
Ericales,Ericaceae,Richea,scoparia,,Hook. f. ,Olson,2304,0.57
Fabales,Fabaceae,Acacia,binervia,,(Wendl.) J. F. MacBr. ,Olson,2208,0.66
Fabales,Fabaceae,Acacia,binervia,,(Wendl.) J. F. MacBr. ,Olson,2209,0.58
Fabales,Fabaceae,Acacia,binervia,,(Wendl.) J. F. MacBr. ,Olson,2210,0.61
Apiales,Araliaceae,Schefflera,actinophylla,,(Endl.)Harms,Olson,1867,0.3
Apiales,Araliaceae,Schefflera,actinophylla,,(Endl.)Harms,Olson,1871,0.5
Apiales,Araliaceae,Schefflera,actinophylla,,(Endl.)Harms,Olson,1872,0.4
Rosales,Rosaceae,Holodiscus,dumosus,,(Nutt. ex Torr. & A. Gray) A. Heller,M?ndez-Alonzo,1,0.74
Rosales,Rosaceae,Holodiscus,dumosus,,(Nutt. ex Torr. & A. Gray) A. Heller,M?ndez-Alonzo,2,0.68
Rosales,Rosaceae,Holodiscus,dumosus,,(Nutt. ex Torr. & A. Gray) A. Heller,M?ndez-Alonzo,3,0.64
Santalales,Santalaceae,Exocarpos,humifusus,,R. Br. ,Olson,2296,0.6
Santalales,Santalaceae,Exocarpos,humifusus,,R. Br. ,Olson,2297,0.5
Santalales,Santalaceae,Exocarpos,humifusus,,R. Br. ,Olson,2298,0.57
Fabales,Fabaceae,Amburana,cearensis,,(Allemao) A.C.Sm.,Olson,4700,0.45
Fabales,Fabaceae,Amburana,cearensis,,(Allemao) A.C.Sm.,Olson,4701,0.51
Fabales,Fabaceae,Amburana,cearensis,,(Allemao) A.C.Sm.,Olson,4702,0.48
Saxifragales,Grossulariaceae,Ribes,cucullatum,,Hook. et Arn.,Fajardo,P.Rc 1,0.52
Saxifragales,Grossulariaceae,Ribes,cucullatum,,Hook. et Arn.,Fajardo,P.Rc 2,0.56
Saxifragales,Grossulariaceae,Ribes,cucullatum,,Hook. et Arn.,Fajardo,P.Rc 3,0.58
Dilleniales,Dilleniaceae,Davilla,elliptica,,A. St.-Hil.,Olson,4638,0.52
Dilleniales,Dilleniaceae,Davilla,elliptica,,A. St.-Hil.,Olson,4639,0.48
Dilleniales,Dilleniaceae,Davilla,elliptica,,A. St.-Hil.,Olson,4640,0.54
Fagales,Fagaceae,Fagus,sylvatica,,L.,Camarero,Fsy1,0.57
Fagales,Fagaceae,Fagus,sylvatica,,L.,Camarero,Fsy2,0.64
Fagales,Fagaceae,Fagus,sylvatica,,L.,Camarero,Fsy3,0.6
Apiales,Pittosporaceae,Bursaria,spinosa,,Cav.,Rosell,1,0.77
Apiales,Pittosporaceae,Bursaria,spinosa,,Cav.,Rosell,2,0.73
Apiales,Pittosporaceae,Bursaria,spinosa,,Cav.,Rosell,5,0.69
Sapindales,Sapindaceae,Acer,rubrum,,L.,Olson,5060,0.39
Sapindales,Sapindaceae,Acer,rubrum,,L.,Olson,5067,0.49
Sapindales,Sapindaceae,Acer,rubrum,,L.,Olson,5072,0.42
Ericales,Ericaceae,Dracophyllum,ramosum,,Pancher ex Brongn. & Gris,Castorena,256,0.63
Ericales,Ericaceae,Dracophyllum,ramosum,,Pancher ex Brongn. & Gris,Castorena,257,0.64
Ericales,Ericaceae,Dracophyllum,ramosum,,Pancher ex Brongn. & Gris,Castorena,258,0.57
Ericales,Ericaceae,Erica,vagans,,L.,Camarero,Eva1,0.65
Ericales,Ericaceae,Erica,vagans,,L.,Camarero,Eva2,0.63
Ericales,Ericaceae,Erica,vagans,,L.,Camarero,Eva3,0.66
Malpighiales,Euphorbiaceae,Croton,echioideus,,Baill.,Olson,4733,0.81
Malpighiales,Euphorbiaceae,Croton,echioideus,,Baill.,Olson,4734,0.8
Malpighiales,Euphorbiaceae,Croton,echioideus,,Baill.,Olson,4735,0.78
Celastrales,Celastraceae,Maytenus,disticha,,(Hook. f.) J.B. Urban,Fajardo,P.Md 1,0.63
Celastrales,Celastraceae,Maytenus,disticha,,(Hook. f.) J.B. Urban,Fajardo,P.Md 2,0.58
Celastrales,Celastraceae,Maytenus,disticha,,(Hook. f.) J.B. Urban,Fajardo,P.Md 3,0.64
Oxalidales,Elaeocarpaceae,Elaeocarpus,reticulatus,,Sm. ,Olson,2411,0.46
Zygophyllales,Zygophyllaceae,Larrea,tridentata,,(Sess? & Moc. ex DC.) Coville,Olson,2660,0.84
Zygophyllales,Zygophyllaceae,Larrea,tridentata,,(Sess? & Moc. ex DC.) Coville,Olson,2661,0.82
Zygophyllales,Zygophyllaceae,Larrea,tridentata,,(Sess? & Moc. ex DC.) Coville,Olson,2662,0.84
Zygophyllales,Zygophyllaceae,Larrea,tridentata,,(Sess? & Moc. ex DC.) Coville,Olson,2663,0.86
Magnoliales,Eupomatiaceae,Eupomatia,laurina,NSWRF,R. Br. ,Olson,4149,0.53
Magnoliales,Eupomatiaceae,Eupomatia,laurina,NSWRF,R. Br. ,Olson,4150,0.57
Magnoliales,Eupomatiaceae,Eupomatia,laurina,NSWRF,R. Br. ,Olson,4151,0.57
Fabales,Fabaceae,Erythrina,lanata,,Rose,Olson,2768,0.27
Fabales,Fabaceae,Erythrina,lanata,,Rose,Olson,2784,0.28
Fabales,Fabaceae,Erythrina,lanata,,Rose,Olson,2800,0.32
Asterales,Asteraceae,Solidago,rugosa,,P. Mill,Olson,5097,0.53
Asterales,Asteraceae,Solidago,rugosa,,P. Mill,Olson,5098,0.5
Asterales,Asteraceae,Solidago,rugosa,,P. Mill,Olson,5099,0.52
Laurales,Lauraceae,Licaria,nayaritensis,,(Lundell) Lundell,Olson,2806,0.55
Laurales,Lauraceae,Licaria,nayaritensis,,(Lundell) Lundell,Olson,2807,0.51
Laurales,Lauraceae,Licaria,nayaritensis,,(Lundell) Lundell,Olson,2808,0.52
Lamiales,Verbenaceae,Lippia,gracilis,,Schauer,Olson,4754,0.65
Lamiales,Verbenaceae,Lippia,gracilis,,Schauer,Olson,4755,0.72
Lamiales,Verbenaceae,Lippia,gracilis,,Schauer,Olson,4756,0.76
Rosales,Rosaceae,Crataegus,sp,,,Olson,5085,0.76
Rosales,Rosaceae,Crataegus,sp,,,Olson,5086,0.69
Rosales,Rosaceae,Crataegus,sp,,,Olson,5087,0.68
Ericales,Ericaceae,Leptecophylla,juniperina,,(J. R. Forst. & G. Forst.) C. M. Weiller,Olson,2326,0.74
Ericales,Ericaceae,Leptecophylla,juniperina,,(J. R. Forst. & G. Forst.) C. M. Weiller,Olson,2327,0.77
Ericales,Ericaceae,Leptecophylla,juniperina,,(J. R. Forst. & G. Forst.) C. M. Weiller,Olson,2328,0.64
Rosales,Rosaceae,Rosa,glauca,,Pourr.,Camarero,Rgl1,0.44
Rosales,Rosaceae,Rosa,glauca,,Pourr.,Camarero,Rgl2,0.77
Rosales,Rosaceae,Rosa,glauca,,Pourr.,Camarero,Rgl3,0.45
Malvales,Thymelaeaceae,Ovidia,pillopillo,,(Gay) Meisn.,Fajardo,P.Opp 1,0.38
Malvales,Thymelaeaceae,Ovidia,pillopillo,,(Gay) Meisn.,Fajardo,P.Opp 2,0.32
Malvales,Thymelaeaceae,Ovidia,pillopillo,,(Gay) Meisn.,Fajardo,P.Opp 3,0.45
Gentianales,Rubiaceae,Coprosma,nitida,,Hook. f.,Olson,2320,0.63
Gentianales,Rubiaceae,Coprosma,nitida,,Hook. f.,Olson,2321,0.63
Gentianales,Rubiaceae,Coprosma,nitida,,Hook. f.,Olson,2322,0.65
Rosales,Rosaceae,Sorbus,aria,temp,(L.) Crantz,Camarero,SarTemp1,0.63
Malpighiales,Euphorbiaceae,Croton,californicus,SJC,M?ll.Arg. ,Olson,3059,0.4
Malpighiales,Euphorbiaceae,Croton,californicus,SJC,M?ll.Arg. ,Olson,3060,0.45
Malpighiales,Euphorbiaceae,Croton,californicus,SJC,M?ll.Arg. ,Olson,3061,0.36
Rosales,Rhamnaceae,Colubrina,viridis,,(M. E. Jones)M. C. Johnst.,Olson,2972,0.75
Rosales,Rhamnaceae,Colubrina,viridis,,(M. E. Jones)M. C. Johnst.,Olson,2988,0.76
Rosales,Rhamnaceae,Colubrina,viridis,,(M. E. Jones)M. C. Johnst.,Olson,2989,0.73
Rosales,Rosaceae,Prunus,serotina,,Ehrh.,Olson,5059,0.45
Rosales,Rosaceae,Prunus,serotina,,Ehrh.,Olson,5062,0.45
Rosales,Rosaceae,Prunus,serotina,,Ehrh.,Olson,5070,0.43
Malpighiales,Euphorbiaceae,Croton,suberosus,,Kunth.,Olson,1524,0.62
Malpighiales,Euphorbiaceae,Croton,suberosus,,Kunth.,Olson,1524A,0.64
Malpighiales,Euphorbiaceae,Croton,suberosus,,Kunth.,Olson,1525,0.69
Asterales,Asteraceae,Encelia,virginensis_var_actonii,,(Elmer) B. L. Turner,Olson,2670,0.49
Asterales,Asteraceae,Encelia,virginensis_var_actonii,,(Elmer) B. L. Turner,Olson,2671,0.55
Asterales,Asteraceae,Encelia,virginensis_var_actonii,,(Elmer) B. L. Turner,Olson,2672,0.44
Laurales,Atherospermataceae,Doryphora,aromatica,,(F. M. Bailey) L. S. Sm. ,Rosell,1,0.41
Laurales,Atherospermataceae,Doryphora,aromatica,,(F. M. Bailey) L. S. Sm. ,Rosell,2,0.49
Laurales,Atherospermataceae,Doryphora,aromatica,,(F. M. Bailey) L. S. Sm. ,Rosell,3,0.48
Apiales,Araliaceae,Aralia,excelsa,,(Griseb.) J. Wen,Olson,1636,0.3
Apiales,Araliaceae,Aralia,excelsa,,(Griseb.) J. Wen,Olson,2884,0.43
Apiales,Araliaceae,Aralia,excelsa,,(Griseb.) J. Wen,Olson,2885,0.37
Fagales,Betulaceae,Alnus,glutinosa,temp,(L.) Gaertn.,Camarero,AglTemp1,0.48
Fagales,Betulaceae,Alnus,glutinosa,temp,(L.) Gaertn.,Camarero,AglTemp2,0.49
Fagales,Betulaceae,Alnus,glutinosa,temp,(L.) Gaertn.,Camarero,AglTemp3,0.53
Lamiales,Verbenaceae,Lantana,sp,,,Olson,4721,0.62
Lamiales,Verbenaceae,Lantana,sp,,,Olson,4722,0.62
Lamiales,Verbenaceae,Lantana,sp,,,Olson,4723,0.63
Fabales,Fabaceae,Vatairea,lundellii,,(Standl.) Record,Olson,4063,0.42
Fabales,Fabaceae,Vatairea,lundellii,,(Standl.) Record,Olson,4107,0.72
Malvales,Thymelaeaceae,Pimelea,linifolia,,Sm. ,Olson,2144,0.56
Malvales,Thymelaeaceae,Pimelea,linifolia,,Sm. ,Olson,2145,0.33
Malvales,Thymelaeaceae,Pimelea,linifolia,,Sm. ,Olson,2146,0.33
Fabales,Fabaceae,Lysiloma,candida,,Brandegee,Olson,2952,0.82
Fabales,Fabaceae,Lysiloma,candida,,Brandegee,Olson,2953,0.73
Fabales,Fabaceae,Lysiloma,candida,,Brandegee,Olson,2984,0.83
Celastrales,Celastraceae,Plenckia,populnea,,Reissek,Olson,4666,0.65
Dipsacales,Adoxaceae,Sambucus,nigra,ESP,L. ,Camarero,Sni1,0.47
Asterales,Asteraceae,Lepidospartum,squamatum,,(A.Gray) A.Gray,Olson,2581,0.51
Asterales,Asteraceae,Lepidospartum,squamatum,,(A.Gray) A.Gray,Olson,2582,0.43
Asterales,Asteraceae,Lepidospartum,squamatum,,(A.Gray) A.Gray,Olson,2583,0.51
Ranunculales,Berberidaceae,Berberis,darwinii,,Hook.,Fajardo,P.Bd 1,0.65
Ranunculales,Berberidaceae,Berberis,darwinii,,Hook.,Fajardo,P.Bd 2,0.63
Ranunculales,Berberidaceae,Berberis,darwinii,,Hook.,Fajardo,P.Bd 3,0.65
Fabales,Fabaceae,Bauhinia,cheilantha,,(Bong.) Steud.,Olson,4703,0.84
Fabales,Fabaceae,Bauhinia,cheilantha,,(Bong.) Steud.,Olson,4704,0.8
Fabales,Fabaceae,Bauhinia,cheilantha,,(Bong.) Steud.,Olson,4705,0.75
Ericales,Ericaceae,Cyathodes,straminea,,R. Br. ,Olson,2293,0.65
Ericales,Ericaceae,Cyathodes,straminea,,R. Br. ,Olson,2294,0.68
Ericales,Ericaceae,Cyathodes,straminea,,R. Br. ,Olson,2295,0.67
Gentianales,Apocynaceae,Tonduzia,longifolia,,(A.DC.) Markgr.,Olson,2780,0.7
Gentianales,Apocynaceae,Tonduzia,longifolia,,(A.DC.) Markgr.,Olson,2789,0.7
Gentianales,Apocynaceae,Tonduzia,longifolia,,(A.DC.) Markgr.,Olson,2790,0.7
Ranunculales,Berberidaceae,Berberis,aquifolium,,Pursh,Olson,4321,0.65
Ranunculales,Berberidaceae,Berberis,aquifolium,,Pursh,Olson,4322,0.65
Ranunculales,Berberidaceae,Berberis,aquifolium,,Pursh,Olson,4323,0.69
Escalloniales,Escalloniaceae,Polyosma,rhytophloia,Illawarra,C. T. White & W. D. Francis,Olson,2365,0.44
Escalloniales,Escalloniaceae,Polyosma,rhytophloia,Illawarra,C. T. White & W. D. Francis,Olson,2366,0.51
Escalloniales,Escalloniaceae,Polyosma,rhytophloia,Illawarra,C. T. White & W. D. Francis,Olson,2368,0.49
Myrtales,Myrtaceae,Leptospermum,sp,,,Olson,2172,0.66
Myrtales,Myrtaceae,Leptospermum,sp,,,Olson,2173,0.57
Myrtales,Myrtaceae,Leptospermum,sp,,,Olson,2174,0.67
Myrtales,Myrtaceae,Corymbia,bleeseri,,(Blakely) K. D. Hill & L. A. S. Johnson,Rosell,2,0.77
Myrtales,Myrtaceae,Corymbia,bleeseri,,(Blakely) K. D. Hill & L. A. S. Johnson,Rosell,3,0.81
Myrtales,Myrtaceae,Corymbia,bleeseri,,(Blakely) K. D. Hill & L. A. S. Johnson,Rosell,5,0.69
Proteales,Proteaceae,Embothrium,coccineum,,J.R. Forst et G. Forst,Fajardo,P.Ec 1,0.59
Proteales,Proteaceae,Embothrium,coccineum,,J.R. Forst et G. Forst,Fajardo,P.Ec 2,0.52
Proteales,Proteaceae,Embothrium,coccineum,,J.R. Forst et G. Forst,Fajardo,P.Ec 3,0.49
Gentianales,Rubiaceae,Psychotria,rupicola,,(Baill.) Schltr.,Castorena,299,0.66
Gentianales,Rubiaceae,Psychotria,rupicola,,(Baill.) Schltr.,Castorena,300,0.7
Caryophyllales,Cactaceae,Cylindropuntia,cholla,,(F.A.C.Weber) F.M.Knuth,Olson,2976,0.51
Caryophyllales,Cactaceae,Cylindropuntia,cholla,,(F.A.C.Weber) F.M.Knuth,Olson,2979,0.54
Caryophyllales,Cactaceae,Cylindropuntia,cholla,,(F.A.C.Weber) F.M.Knuth,Olson,2992,0.614
Caryophyllales,Cactaceae,Cylindropuntia,cholla,,(F.A.C.Weber) F.M.Knuth,Olson,2995,0.4
Caryophyllales,Cactaceae,Opuntia,excelsa,,S?nchez-Mej.,Olson,1520,0.3
Caryophyllales,Cactaceae,Opuntia,excelsa,,S?nchez-Mej.,Olson,1521,0.35
Caryophyllales,Cactaceae,Opuntia,excelsa,,S?nchez-Mej.,Olson,1617,0.29
Caryophyllales,Cactaceae,Opuntia,excelsa,,S?nchez-Mej.,Olson,2680,0.25
Magnoliales,Myristicaceae,Myristica,globosa,,Warb.,Rosell,1,0.53
Magnoliales,Myristicaceae,Myristica,globosa,,Warb.,Rosell,2,0.54
Magnoliales,Myristicaceae,Myristica,globosa,,Warb.,Rosell,3,0.45
Sapindales,Rutaceae,Zanthoxylum,rhoifolium,,Lam.,Olson,4594,0.48
Sapindales,Rutaceae,Zanthoxylum,rhoifolium,,Lam.,Olson,4595,0.44
Sapindales,Rutaceae,Zanthoxylum,rhoifolium,,Lam.,Olson,4596,0.56
Laurales,Hernandiaceae,Hernandia,albiflora,,(C.T. White) Kubitzki,Rosell,1,0.6
Laurales,Hernandiaceae,Hernandia,albiflora,,(C.T. White) Kubitzki,Rosell,2,0.48
Laurales,Hernandiaceae,Hernandia,albiflora,,(C.T. White) Kubitzki,Rosell,3,0.6
Fabales,Fabaceae,Acacia,linifolia,,(Vent.) Willd.,Olson,1743,0.63
Ranunculales,Menispermaceae,Hyperbaena,ilicifolia,,Standl. ,Olson,2824,0.68
Ranunculales,Menispermaceae,Hyperbaena,ilicifolia,,Standl. ,Olson,2825,0.6
Ranunculales,Menispermaceae,Hyperbaena,ilicifolia,,Standl. ,Olson,2826,0.71
Myrtales,Myrtaceae,Angophora,costata,,(Gaertn.) Hochr. Ex Britten,Olson,2546,0.62
Myrtales,Myrtaceae,Angophora,costata,,(Gaertn.) Hochr. Ex Britten,Olson,2573,0.51
Myrtales,Myrtaceae,Angophora,costata,,(Gaertn.) Hochr. Ex Britten,Olson,2574,0.58
Myrtales,Myrtaceae,Angophora,costata,,(Gaertn.) Hochr. Ex Britten,Rosell,1,0.8
Myrtales,Myrtaceae,Angophora,costata,,(Gaertn.) Hochr. Ex Britten,Rosell,2,0.69
Myrtales,Myrtaceae,Angophora,costata,,(Gaertn.) Hochr. Ex Britten,Rosell,3,0.78
Boraginales,Boraginaceae,Bourreria,sonorae,,S. Watson,Olson,2963,0.79
Boraginales,Boraginaceae,Bourreria,sonorae,,S. Watson,Olson,2969,0.76
Dipsacales,Adoxaceae,Sambucus,nigra,LT,L.,Olson,4036,0.41
Dipsacales,Adoxaceae,Sambucus,nigra,LT,L.,Olson,4037,0.33
Dipsacales,Adoxaceae,Sambucus,nigra,LT,L.,Olson,4038,0.45
Santalales,Santalaceae,Myoschilos,oblongum,,Ruiz et Pav.,Fajardo,P.Mo 1,0.52
Santalales,Santalaceae,Myoschilos,oblongum,,Ruiz et Pav.,Fajardo,P.Mo 2,0.55
Santalales,Santalaceae,Myoschilos,oblongum,,Ruiz et Pav.,Fajardo,P.Mo 3,0.56
Rosales,Rhamnaceae,Ziziphus,joazeiro,,Mart.,Olson,4818,0.74
Rosales,Rhamnaceae,Ziziphus,joazeiro,,Mart.,Olson,4819,0.74
Rosales,Rhamnaceae,Ziziphus,joazeiro,,Mart.,Olson,4820,0.69
Sapindales,Meliaceae,Dysoxylum,papuanum,,(Merr. & L. M. Perry) Mabb. ,Rosell,1,0.62
Sapindales,Meliaceae,Dysoxylum,papuanum,,(Merr. & L. M. Perry) Mabb. ,Rosell,2,0.66
Sapindales,Meliaceae,Dysoxylum,papuanum,,(Merr. & L. M. Perry) Mabb. ,Rosell,3,0.63
Fabales,Fabaceae,Stryphnodendron,adstringens,,(Mart.) Coville,Olson,4625,0.33
Fabales,Fabaceae,Stryphnodendron,adstringens,,(Mart.) Coville,Olson,4626,0.4
Fabales,Fabaceae,Stryphnodendron,adstringens,,(Mart.) Coville,Olson,4627,0.32
Sapindales,Burseraceae,Bursera,fagaroides,,(Kunth.) Engl. ,Olson,3001,0.31
Sapindales,Burseraceae,Bursera,fagaroides,,(Kunth.) Engl. ,Olson,3012,0.31
Sapindales,Burseraceae,Bursera,fagaroides,,(Kunth.) Engl. ,Olson,3014,0.29
Ericales,Ericaceae,Arctostaphylos,glauca,,Lindl.,Olson,2667,0.61
Ericales,Ericaceae,Arctostaphylos,glauca,,Lindl.,Olson,2668,0.57
Ericales,Ericaceae,Arctostaphylos,glauca,,Lindl.,Olson,2669,0.57
Malpighiales,Salicaceae,Salix,lasiolepis,,Benth.,M?ndez-Alonzo,25,0.42
Malpighiales,Salicaceae,Salix,lasiolepis,,Benth.,M?ndez-Alonzo,26,0.45
Malpighiales,Salicaceae,Salix,lasiolepis,,Benth.,M?ndez-Alonzo,27,0.32
Rosales,Rosaceae,Sorbus,aucuparia,,L. ,Camarero,Sau1,0.33
Rosales,Rosaceae,Sorbus,aucuparia,,L. ,Camarero,Sau2,0.5
Rosales,Rosaceae,Sorbus,aucuparia,,L. ,Camarero,Sau3,0.54
Rosales,Rhamnaceae,Alphitonia,excelsa,,(Fenzl)Reissek ex Benth.,Olson,1874,0.47
Rosales,Rhamnaceae,Alphitonia,excelsa,,(Fenzl)Reissek ex Benth.,Olson,1875,0.5
Rosales,Rhamnaceae,Alphitonia,excelsa,,(Fenzl)Reissek ex Benth.,Olson,1888,0.5
Malpighiales,Picrodendraceae,Petalostigma,pubescens,,Domin,Rosell,1,0.76
Malpighiales,Picrodendraceae,Petalostigma,pubescens,,Domin,Rosell,4,0.73
Malpighiales,Picrodendraceae,Petalostigma,pubescens,,Domin,Rosell,5,0.71
Dipsacales,Caprifoliaceae,Lonicera,subspicata,,,Olson,4360,0.57
Dipsacales,Caprifoliaceae,Lonicera,subspicata,,,Olson,4361,0.57
Dipsacales,Caprifoliaceae,Lonicera,subspicata,,,Olson,4362,0.48
Fagales,Fagaceae,Quercus,berberidifolia,,Liebm.,Olson,4348,0.79
Fagales,Fagaceae,Quercus,berberidifolia,,Liebm.,Olson,4349,0.78
Fagales,Fagaceae,Quercus,berberidifolia,,Liebm.,Olson,4350,0.47
Boraginales,Hydrophyllaceae,Eriodictyon,californicum,,(Hook. & Arn.) Decne.,Olson,2599,0.36
Boraginales,Hydrophyllaceae,Eriodictyon,californicum,,(Hook. & Arn.) Decne.,Olson,2600,0.41
Boraginales,Hydrophyllaceae,Eriodictyon,californicum,,(Hook. & Arn.) Decne.,Olson,2601,0.47
Boraginales,Orobanchaceae,Castilleja,sp,,,M?ndez-Alonzo,73,0.2
Boraginales,Orobanchaceae,Castilleja,sp,,,M?ndez-Alonzo,74,0.26
Boraginales,Orobanchaceae,Castilleja,sp,,,M?ndez-Alonzo,75,0.25
Sapindales,Burseraceae,Bursera,microphylla,,A. Gray,Olson,2973,0.3
Sapindales,Burseraceae,Bursera,microphylla,,A. Gray,Olson,2977,0.27
Sapindales,Burseraceae,Bursera,microphylla,,A. Gray,Olson,2993,0.36
Sapindales,Burseraceae,Bursera,microphylla,,A. Gray,Olson,3011,0.3
Sapindales,Burseraceae,Bursera,microphylla,,A. Gray,Olson,3013,0.26
Fabales,Fabaceae,Acacia,farnesiana,,(L.) Willd.,Olson,3079,0.67
Fabales,Fabaceae,Acacia,farnesiana,,(L.) Willd.,Olson,3080,0.72
Fabales,Fabaceae,Acacia,farnesiana,,(L.) Willd.,Olson,3081,0.69
Rosales,Rosaceae,Polylepis,besseri,,Hieron.,Olson,5770,0.47311828
Rosales,Rosaceae,Polylepis,besseri,,Hieron.,Olson,5771,0.4
Rosales,Rosaceae,Polylepis,besseri,,Hieron.,Olson,5772,0.4
Rosales,Urticaceae,Dendrocnide,excelsa,,(Wedd.) Chew,Olson,2378,0.2
Rosales,Urticaceae,Dendrocnide,excelsa,,(Wedd.) Chew,Olson,2379,0.2
Rosales,Urticaceae,Dendrocnide,excelsa,,(Wedd.) Chew,Olson,2380,0.15
Asterales,Stylidiaceae,Stylidium,laricifolium,,Rich.,Olson,2205,0.62
Asterales,Stylidiaceae,Stylidium,laricifolium,,Rich.,Olson,2206,0.59
Asterales,Stylidiaceae,Stylidium,laricifolium,,Rich.,Olson,2207,0.6
Oxalidales,Cunoniaceae,Ceratopetalum,gummiferum,,Sm. ,Olson,4126,0.43
Asterales,Asteraceae,Ozothamnus,ledifolius,,(DC.) Hook.f.,Olson,2299,0.67
Asterales,Asteraceae,Ozothamnus,ledifolius,,(DC.) Hook.f.,Olson,2300,0.83
Asterales,Asteraceae,Ozothamnus,ledifolius,,(DC.) Hook.f.,Olson,2301,0.33
Magnoliales,Myristicaceae,Virola,guatemalensis,,(Hemsl.) Warb.,Olson,1411,0.38
Magnoliales,Myristicaceae,Virola,guatemalensis,,(Hemsl.) Warb.,Olson,1417,0.43
Magnoliales,Myristicaceae,Virola,guatemalensis,,(Hemsl.) Warb.,Olson,1419,0.45
Magnoliales,Myristicaceae,Virola,guatemalensis,,(Hemsl.) Warb.,Olson,1423,0.44
Ericales,Ericaceae,Arctostaphylos,uva_ursi,,(L.) Spreng.,Camarero,Auv1,0.45
Ericales,Ericaceae,Arctostaphylos,uva_ursi,,(L.) Spreng.,Camarero,Auv2,0.45
Ericales,Ericaceae,Arctostaphylos,uva_ursi,,(L.) Spreng.,Camarero,Auv3,0.39
Rosales,Rhamnaceae,Ochetophila,nana,,"(Clos) Kellermann, Medan & Aagesen",Fajardo,P.Dn 1,0.57
Rosales,Rhamnaceae,Ochetophila,nana,,"(Clos) Kellermann, Medan & Aagesen",Fajardo,P.Dn 2,0.52
Rosales,Rhamnaceae,Ochetophila,nana,,"(Clos) Kellermann, Medan & Aagesen",Fajardo,P.Dn 3,0.53
Fabales,Fabaceae,Acacia,parvipinnula,,Tindale,Rosell,1,0.69
Fabales,Fabaceae,Acacia,parvipinnula,,Tindale,Rosell,2,0.71
Fabales,Fabaceae,Acacia,parvipinnula,,Tindale,Rosell,4,0.64
Fagales,Fagaceae,Quercus,cornelius_mulleri,,Nixon & K. P. Steele,Olson,2617,0.76
Fagales,Fagaceae,Quercus,cornelius_mulleri,,Nixon & K. P. Steele,Olson,2618,0.77
Fagales,Fagaceae,Quercus,cornelius_mulleri,,Nixon & K. P. Steele,Olson,2619,0.73
Myrtales,Myrtaceae,Metrosideros,operculata,,Labill.,Castorena,283,0.79
Myrtales,Myrtaceae,Metrosideros,operculata,,Labill.,Castorena,284,0.51
Myrtales,Myrtaceae,Metrosideros,operculata,,Labill.,Castorena,285,0.89
Malpighiales,Euphorbiaceae,Jatropha,mollissima,,(Pohl) Baill.,Olson,4760,0.39
Malpighiales,Euphorbiaceae,Jatropha,mollissima,,(Pohl) Baill.,Olson,4761,0.37
Malpighiales,Euphorbiaceae,Jatropha,mollissima,,(Pohl) Baill.,Olson,4762,0.39
Caryophyllales,Simmondsiaceae,Simmondsia,chinensis,,(Link)C. K. Schneid. ,Olson,4018,0.63
Caryophyllales,Simmondsiaceae,Simmondsia,chinensis,,(Link)C. K. Schneid. ,Olson,4019,0.65
Caryophyllales,Simmondsiaceae,Simmondsia,chinensis,,(Link)C. K. Schneid. ,Olson,4020,0.64
Lamiales,Acanthaceae,Ruellia,californica,,(Rose)I. M. Johnst.,Olson,2921,0.68
Lamiales,Acanthaceae,Ruellia,californica,,(Rose)I. M. Johnst.,Olson,2922,0.58
Lamiales,Acanthaceae,Ruellia,californica,,(Rose)I. M. Johnst.,Olson,2933,0.56
Proteales,Proteaceae,Telopea,truncata,,R. Br,Olson,2317,0.58
Proteales,Proteaceae,Telopea,truncata,,R. Br,Olson,2318,0.52
Proteales,Proteaceae,Telopea,truncata,,R. Br,Olson,2319,0.58
Ericales,Ericaceae,Richea,pandanifolia,,Hook. f. ,Olson,2305,0.47
Ericales,Ericaceae,Richea,pandanifolia,,Hook. f. ,Olson,2306,0.48
Ericales,Ericaceae,Richea,pandanifolia,,Hook. f. ,Olson,2307,0.5
Fabales,Fabaceae,Acacia,greggii,,A. Gray,Olson,2605,0.69
Fabales,Fabaceae,Acacia,greggii,,A. Gray,Olson,2606,0.68
Fabales,Fabaceae,Acacia,greggii,,A. Gray,Olson,2607,0.74
Malpighiales,Chrysobalanaceae,Couepia,grandiflora,,(Mart. & Zucc.) Benth. ex Hook.f.,Olson,4648,0.39
Malpighiales,Chrysobalanaceae,Couepia,grandiflora,,(Mart. & Zucc.) Benth. ex Hook.f.,Olson,4649,0.62
Malpighiales,Chrysobalanaceae,Couepia,grandiflora,,(Mart. & Zucc.) Benth. ex Hook.f.,Olson,4650,0.51
Proteales,Proteaceae,Grevillea,mucronulata,,R. Br,Rosell,2,0.63
Proteales,Proteaceae,Grevillea,mucronulata,,R. Br,Rosell,3,0.72
Proteales,Proteaceae,Grevillea,mucronulata,,R. Br,Rosell,5,0.62
Malpighiales,Euphorbiaceae,Manihot,dichotoma,,Ule,Olson,4718,0.36
Malpighiales,Euphorbiaceae,Manihot,dichotoma,,Ule,Olson,4719,0.48
Malpighiales,Euphorbiaceae,Manihot,dichotoma,,Ule,Olson,4720,0.66
Aquifoliales,Aquifoliaceae,Ilex,verticillata,,(L.) A. Gray,Olson,5039,0.52
Aquifoliales,Aquifoliaceae,Ilex,verticillata,,(L.) A. Gray,Olson,5040,0.52
Aquifoliales,Aquifoliaceae,Ilex,verticillata,,(L.) A. Gray,Olson,5041,0.52
Lamiales,Oleaceae,Fraxinus,excelsior,temp,L.,Camarero,FexTemp1,0.52
Lamiales,Oleaceae,Fraxinus,excelsior,temp,L.,Camarero,FexTemp2,0.58
Lamiales,Oleaceae,Fraxinus,excelsior,temp,L.,Camarero,FexTemp3,0.46
Dipsacales,Caprifoliaceae,Symphoricarpos,mollis,,Nutt.,Olson,4381,0.59
Dipsacales,Caprifoliaceae,Symphoricarpos,mollis,,Nutt.,Olson,4382,0.63
Dipsacales,Caprifoliaceae,Symphoricarpos,mollis,,Nutt.,Olson,4383,0.59
Caryophyllales,Polygonaceae,Eriogonum,elongatum,,Benth. ,Olson,4318,0.5
Caryophyllales,Polygonaceae,Eriogonum,elongatum,,Benth. ,Olson,4319,0.56
Caryophyllales,Polygonaceae,Eriogonum,elongatum,,Benth. ,Olson,4320,0.56
Ranunculales,Papaveraceae,Argemone,mexicana,,,Olson,3058,0.05
Gentianales,Apocynaceae,Cerberiopsis,candelabra,,Vieill. ex Pancher & Sebert,Castorena,322,0.55
Gentianales,Apocynaceae,Cerberiopsis,candelabra,,Vieill. ex Pancher & Sebert,Castorena,323,0.53
Gentianales,Apocynaceae,Cerberiopsis,candelabra,,Vieill. ex Pancher & Sebert,Castorena,324,0.47
Ranunculales,Papaveraceae,Argemone,mexicana,,L. ,Olson,3056,0.06
Ranunculales,Papaveraceae,Argemone,mexicana,,L. ,Olson,3057,0.06
Caryophyllales,Cactaceae,Pachycereus,pecten_aboriginum,,(Engelm. ex S. Watson)Britton & Rose,Olson,2955,0.29
Caryophyllales,Cactaceae,Pachycereus,pecten_aboriginum,,(Engelm. ex S. Watson)Britton & Rose,Olson,2956,0.3
Caryophyllales,Cactaceae,Pachycereus,pecten_aboriginum,,(Engelm. ex S. Watson)Britton & Rose,Olson,2980,0.29
Buxales,Buxaceae,Buxus,sempervirens,wild_Spain,L.,Camarero,Bse1,0.8
Buxales,Buxaceae,Buxus,sempervirens,wild_Spain,L.,Camarero,Bse2,0.75
Buxales,Buxaceae,Buxus,sempervirens,wild_Spain,L.,Camarero,Bse3,0.76
Myrtales,Myrtaceae,Melaleuca,pallida,,(Bonpl.) Craven,Rosell,1,0.67
Myrtales,Myrtaceae,Melaleuca,pallida,,(Bonpl.) Craven,Rosell,2,0.63
Myrtales,Myrtaceae,Melaleuca,pallida,,(Bonpl.) Craven,Rosell,3,0.78
Myrtales,Myrtaceae,Melaleuca,pallida,,(Bonpl.) Craven,Rosell,4,0.67
Myrtales,Myrtaceae,Melaleuca,pallida,,(Bonpl.) Craven,Rosell,5,0.71
Malvales,Malvaceae,Malacothamnus,fasciculatus,,(Nutt. ex Torr. & A. Gray) Greene,Olson,4345,0.48
Malvales,Malvaceae,Malacothamnus,fasciculatus,,(Nutt. ex Torr. & A. Gray) Greene,Olson,4346,0.61
Malvales,Malvaceae,Malacothamnus,fasciculatus,,(Nutt. ex Torr. & A. Gray) Greene,Olson,4347,0.5
Lamiales,Bignoniaceae,Tabebuia,ochracea,,A. H. Gentry,Olson,4675,0.58
Lamiales,Bignoniaceae,Tabebuia,ochracea,,A. H. Gentry,Olson,4676,0.71
Lamiales,Bignoniaceae,Tabebuia,ochracea,,A. H. Gentry,Olson,4677A,0.68
Caryophyllales,Polygonaceae,Antigonon,leptopus,,,Olson,3021,0.42
Ericales,Ericaceae,Vaccinium,myrtillus,alp,L.,Camarero,VmyAlp1,0.55
Ericales,Ericaceae,Vaccinium,myrtillus,alp,L.,Camarero,VmyAlp2,0.2
Ericales,Ericaceae,Vaccinium,myrtillus,alp,L.,Camarero,VmyAlp3,0.38
Fagales,Fagaceae,Quercus,pyrenaica,,Willd.,Camarero,Qpy1,0.5
Fagales,Fagaceae,Quercus,pyrenaica,,Willd.,Camarero,Qpy2,0.45
Fagales,Fagaceae,Quercus,pyrenaica,,Willd.,Camarero,Qpy3,0.6
Asterales,Asteraceae,Gynoxys,cuicochensis,,Cuatrec.,Camarero,1.1,0.6
Asterales,Asteraceae,Gynoxys,cuicochensis,,Cuatrec.,Camarero,1.2,0.6
Asterales,Asteraceae,Gynoxys,cuicochensis,,Cuatrec.,Camarero,1.3,0.59
Rosales,Rosaceae,Amelanchier,ovalis,,Medik.,Camarero,Aov1,0.71
Rosales,Rosaceae,Amelanchier,ovalis,,Medik.,Camarero,Aov2,0.69
Rosales,Rosaceae,Amelanchier,ovalis,,Medik.,Camarero,Aov3,0.7
Laurales,Monimiaceae,Kibaropsis,caledonica,,(Guillaumin) J. Jeremie,Trueba,347,0.63
Santalales,Santalaceae,Phoradendron,villosum,,(Nutt.)Nutt. ex Engelm.,Olson,4375,0.7
Santalales,Santalaceae,Phoradendron,villosum,,(Nutt.)Nutt. ex Engelm.,Olson,4376,0.73
Santalales,Santalaceae,Phoradendron,villosum,,(Nutt.)Nutt. ex Engelm.,Olson,4377,0.71
Sapindales,Burseraceae,Bursera,filicifolia,,Brandegee,Olson,3024,0.43
Sapindales,Burseraceae,Bursera,filicifolia,,Brandegee,Olson,3025,0.34
Sapindales,Burseraceae,Bursera,filicifolia,,Brandegee,Olson,3026,0.43
Laurales,Hernandiaceae,Gyrocarpus,jatrophifolius,,Domin,Olson,1512,0.35
Asterales,Asteraceae,Cassinia,denticulata,,R. Br,Olson,2453,0.47
Asterales,Asteraceae,Cassinia,denticulata,,R. Br,Olson,2454,0.39
Asterales,Asteraceae,Cassinia,denticulata,,R. Br,Olson,2455,0.45
Laurales,Monimiaceae,Wilkiea,hugeliana,,(Tul.)A. DC.,Olson,2374,0.69
Laurales,Monimiaceae,Wilkiea,hugeliana,,(Tul.)A. DC.,Olson,2381,0.65
Laurales,Monimiaceae,Wilkiea,hugeliana,,(Tul.)A. DC.,Olson,2382,0.63
Fabales,Fabaceae,Libidibia,ferrea,,(Mart. ex Tul.) L.P.Queiroz,Olson,4772,0.73
Fabales,Fabaceae,Libidibia,ferrea,,(Mart. ex Tul.) L.P.Queiroz,Olson,4773,0.83
Fabales,Fabaceae,Libidibia,ferrea,,(Mart. ex Tul.) L.P.Queiroz,Olson,4774,0.89
Rosales,Rhamnaceae,Ceanothus,cuneatus,,(Hook.) Nutt. ,Olson,4327,0.67
Rosales,Rhamnaceae,Ceanothus,cuneatus,,(Hook.) Nutt. ,Olson,4328,0.71
Rosales,Rhamnaceae,Ceanothus,cuneatus,,(Hook.) Nutt. ,Olson,4329,0.71
Malpighiales,Salicaceae,Casearia,corymbosa,,Kunth.,Olson,1503,0.57
Malpighiales,Salicaceae,Casearia,corymbosa,,Kunth.,Olson,1505,0.56
Caryophyllales,Amaranthaceae,Froelichia,humboldtiana,,(Schult.) Seub.,Olson,4708,0.71
Malvales,Muntingiaceae,Muntingia,calabura,,L. ,Olson,2776,0.3
Malvales,Muntingiaceae,Muntingia,calabura,,L. ,Olson,2777,0.41
Malvales,Muntingiaceae,Muntingia,calabura,,L. ,Olson,2778,0.29
Malvales,Bixaceae,Cochlospermum,regium,,(Schrank) Pilg.,Olson,4745,0.14
Malvales,Bixaceae,Cochlospermum,regium,,(Schrank) Pilg.,Olson,4746,0.31
Malvales,Bixaceae,Cochlospermum,regium,,(Schrank) Pilg.,Olson,4747,0.19
Asterales,Argophyllaceae,Argophyllum,cryptophlebum,,Zemann,Olson,1962,0.53
Asterales,Argophyllaceae,Argophyllum,cryptophlebum,,Zemann,Olson,1963,0.55
Asterales,Argophyllaceae,Argophyllum,cryptophlebum,,Zemann,Olson,1964,0.6
Sapindales,Burseraceae,Bursera,cerasiifolia,,Brandegee,Olson,4003,0.46
Sapindales,Burseraceae,Bursera,cerasiifolia,,Brandegee,Olson,4004,0.61
Sapindales,Burseraceae,Bursera,cerasiifolia,,Brandegee,Olson,4005,0.39
Fabales,Fabaceae,Ulex,gallii,,Planch.,Camarero,Uga1,0.65
Fabales,Fabaceae,Ulex,gallii,,Planch.,Camarero,Uga2,0.58
Fabales,Fabaceae,Ulex,gallii,,Planch.,Camarero,Uga3,0.65
Paracryphiales,Paracryphiaceae,Quintinia,major,,(Baill.) Schltr.,Trueba,469,0.538461538
Lamiales,Bignoniaceae,Chilopsis,linearis,,(Cav.) Sweet,Olson,2653,0.37
Lamiales,Bignoniaceae,Chilopsis,linearis,,(Cav.) Sweet,Olson,2654,0.32
Lamiales,Bignoniaceae,Chilopsis,linearis,,(Cav.) Sweet,Olson,2655,0.29
Sapindales,Simaroubaceae,Castela,peninsularis,,Rose,Olson,3066,0.67
Sapindales,Simaroubaceae,Castela,peninsularis,,Rose,Olson,3067,0.67
Sapindales,Simaroubaceae,Castela,peninsularis,,Rose,Olson,3068,0.67
Oxalidales,Elaeocarpaceae,Elaeocarpus,angustifolius,,Blume,Rosell,1,0.38
Oxalidales,Elaeocarpaceae,Elaeocarpus,angustifolius,,Blume,Rosell,2,0.46
Oxalidales,Elaeocarpaceae,Elaeocarpus,angustifolius,,Blume,Rosell,3,0.48
Malpighiales,Euphorbiaceae,Adelia,brandegeei,,V. W. Steinm.,Olson,2985,0.57
Malpighiales,Euphorbiaceae,Adelia,brandegeei,,V. W. Steinm.,Olson,2986,0.73
Malpighiales,Euphorbiaceae,Adelia,brandegeei,,V. W. Steinm.,Olson,3004,0.69
Malpighiales,Euphorbiaceae,Adelia,brandegeei,,V. W. Steinm.,Olson,3015,0.77
Myrtales,Myrtaceae,Melaleuca,sp,,,Olson,2180,0.49
Myrtales,Myrtaceae,Melaleuca,sp,,,Olson,2181,0.41
Myrtales,Myrtaceae,Melaleuca,sp,,,Olson,2182,0.43
Fabales,Fabaceae,Ebenopsis,confinis,,(Standl.) Barneby & J.W.Grimes,Olson,3069,0.82
Fabales,Fabaceae,Ebenopsis,confinis,,(Standl.) Barneby & J.W.Grimes,Olson,3070,0.7
Fabales,Fabaceae,Ebenopsis,confinis,,(Standl.) Barneby & J.W.Grimes,Olson,3071,0.68
Asterales,Asteraceae,Piptocarpha,sp,,,Olson,4616,0.68
Asterales,Asteraceae,Piptocarpha,sp,,,Olson,4617,0.65
Asterales,Asteraceae,Piptocarpha,sp,,,Olson,4618,0.71
Myrtales,Myrtaceae,Eucalyptus,crebra,,F.Muell.,Rosell,1,0.75
Myrtales,Myrtaceae,Eucalyptus,crebra,,F.Muell.,Rosell,4,0.76
Myrtales,Myrtaceae,Eucalyptus,crebra,,F.Muell.,Rosell,5,0.67
Lamiales,Lamiaceae,Salvia,apiana,,Jeps.,Olson,2602,0.41
Lamiales,Lamiaceae,Salvia,apiana,,Jeps.,Olson,2603,0.41
Lamiales,Lamiaceae,Salvia,apiana,,Jeps.,Olson,2604,0.46
Brassicales,Caricaceae,Jacaratia,mexicana,,A.DC.,Olson,1502A,0.2
Brassicales,Caricaceae,Jacaratia,mexicana,,A.DC.,Olson,1616,0.21
Brassicales,Caricaceae,Jacaratia,mexicana,,A.DC.,Olson,1618,0.13
Brassicales,Caricaceae,Jacaratia,mexicana,,A.DC.,Olson ,2785,0.29
Fagales,Fagaceae,Quercus,rubra,,L.,Olson,5073,0.52
Fagales,Fagaceae,Quercus,rubra,,L.,Olson,5074,0.45
Fagales,Fagaceae,Quercus,rubra,,L.,Olson,5075,0.47
Fagales,Fagaceae,Quercus,rubra,,L.,Olson,5113,0.51
Rosales,Moraceae,Ficus,insipida,,Willd.,Olson,1384,0.4
Rosales,Moraceae,Ficus,insipida,,Willd.,Olson,1385,0.41
Rosales,Moraceae,Ficus,insipida,,Willd.,Olson,1389,0.36
